x1,x2,x3,x4,x5,x6,y
-0.10683509942877484,0.8778335600470372,0.8184666123788163,-1.0,1.0,1.0,3.2904588921727096
0.3545394355902882,-0.047308274693792174,0.28345778387439385,-0.5380146889843034,-1.0,-1.0,3.5163228777538653
0.06444484147476312,-1.0,-0.07739830277113968,-0.11320419518818536,1.0,0.3960484256094399,0.09330975638910655
0.04731527396349655,-0.07774628946921247,0.046827748694906024,1.0,0.5592855663354344,-0.12529814457089514,-0.6420816525407762
-0.45639660033646456,-1.0,0.6653821073715476,-0.30608202282456687,1.0,-0.3051640041485954,3.2672192716028805
1.0,1.0,1.0,1.0,-0.5190892483329109,0.5746477283351505,0.3293019594297495
0.954331266647735,1.0,-1.0,0.047409845080170376,-0.8203049710881194,-1.0,6.265869555518159
-0.283714440069883,-0.4882626076005159,-1.0,-0.3797692733570531,-1.0,0.7260340931187295,2.0529101756487016
-1.0,-1.0,-0.038827872714145895,-1.0,-1.0,-1.0,5.366758908907471
0.47568459137943986,-0.2903538829671265,0.842785208849976,0.00249402655049398,0.24760250289680047,-0.6746513486219763,1.6025334664554283
-1.0,0.645954753945721,-0.2185732369162825,-0.9580741780469523,-0.6069081352815958,0.0063634543015193,-0.7022445739993676
-1.0,-0.40906172575065036,-0.6963232350230069,-1.0,0.7276263171549557,0.3079706445050987,-0.07551954779366077
1.0,1.0,0.9254237983484646,1.0,-0.8246858455610062,0.04564455227772324,3.485744524462273
-0.885842297070407,-1.0,-0.7387690813626431,-0.8645310225924192,-0.6875897837482581,-1.0,3.4387995932038424
-0.6475446098544629,-0.5640548939232493,0.722966669952818,-1.0,-0.49244063290681794,0.029680394885292116,-0.6912796249660117
-0.15940582707915718,-1.0,-0.7233412626063389,0.09162015475258944,-0.5768192230936701,-1.0,1.1136835721256824
-0.058766241927247,-0.7767985142506576,-0.02444335101603501,-0.972990880855521,-1.0,-0.8679184640557087,6.898728803131728
0.6199455126218438,1.0,0.971487894725094,1.0,1.0,1.0,-7.532102938474033
-0.4582434954038461,0.23285084958734398,-0.7225156268815309,0.13205886871770223,1.0,1.0,7.537664672029316
0.2858511206494866,-0.6069537476248021,0.41948166834678746,-1.0,1.0,1.0,0.08197140514271276
0.27106363982243736,-0.5924620353857767,-1.0,-0.39961530235025144,0.700348597802395,-0.060693656969394105,-1.6625085031973708
-1.0,0.016064393786725417,-1.0,-1.0,-0.9832772263822112,-1.0,2.2238364910982265
1.0,0.8167553610446778,1.0,-0.2089759744441243,0.6547993571842115,0.8731677874613419,-3.738568480629518
-0.5046654573080109,-0.8435734069455747,-1.0,-0.8551488906165103,0.27766994700181213,-1.0,3.9569781644717357
-0.4237554133716819,0.18251118380031617,-0.940094481956178,0.38833525853661655,-0.8452583748566006,0.6385757663355233,1.3184599568618693
-0.9744792731025071,-0.39037651916224025,-1.0,-0.8723971307636509,-0.38341462770592993,-0.07956713559434214,-2.7610129601967417
1.0,0.016485200081608198,1.0,0.3203507648648247,1.0,0.3534392060921103,-4.720930709103018
-0.2818682763105128,0.7183842958142944,0.7670913791488415,-0.41324285938082467,-0.07884133071249855,-1.0,0.08422671433002249
-0.6469681040024122,-0.26893419160486076,-0.14501567484710975,-0.026034968357204646,1.0,0.9963307259426679,5.677006535552076
-0.4648788062210316,0.28103965213506876,-0.07110995885892701,-0.7524845641456928,0.09053408400596892,-0.11987168187625606,-0.91601288714918
0.5275861346456101,0.6967625939192419,0.10119633545489881,1.0,0.9386073412726006,0.17166370054030844,-0.41728080678471524
0.7936957930095647,1.0,-0.928487850223497,1.0,-0.8457322178178478,-0.6140739184237719,7.111940661179047
0.38409471046133453,-1.0,-0.3280726742157136,-1.0,-0.7039441203993557,-0.03767378373533159,3.6389484025207817
0.02835651599372868,0.8105426267129425,0.2834797725346476,0.4119337592166987,1.0,-1.0,0.7370073335265159
1.0,1.0,-0.2347782607215892,1.0,-1.0,0.470961838361843,7.20135757584012
1.0,0.9801970186905253,0.9534122920836732,1.0,0.8833478630255744,-1.0,-5.160011044089822
0.3762523911191567,0.25277081803715273,1.0,0.2811130633883918,-0.20365778525652883,-0.2441109263236622,0.4177393111440282
-0.7876879663075869,0.12157635144689408,-0.2368593381990609,-0.1762920416835092,-0.694081726204643,-0.5774211025509346,-1.5986515027300499
-0.2998314720001588,-0.6399181776011453,0.529771767482448,0.09725302029093175,-0.42925806721109355,0.021426857059107074,0.30817524733035423
-1.0,0.21068943362025938,-0.22623255135281495,0.4810503708500612,-1.0,-0.5585023016791486,-1.4504955109614954
0.038892683633098946,-0.8758828478598379,0.13528937815771064,0.8311985796142547,0.9779501991663027,0.545949513341065,0.7717415627688553
0.1153862318974832,1.0,-0.035554794738688056,0.5099618778096557,-0.3068439994017339,0.09047329388705427,0.0916025904118028
0.38782924796216056,1.0,0.9138940218670155,0.7255585933051345,-1.0,-0.07108762625715148,-1.192582842546292
-1.0,-1.0,-0.3237284797089104,-1.0,0.20079038035200722,-0.6359721923255421,0.67202838734692
1.0,1.0,0.36351368152109353,0.21100311083865542,-0.27276602353007917,1.0,2.1354075863011297
-0.009529790122117743,0.6626583905286118,1.0,-0.6074479334571659,-0.4293573789201628,-1.0,-0.46556130484007274
-1.0,-0.6409692639760289,0.12798962811973513,-1.0,0.5668419672520064,0.16239669606141915,0.6990273322297118
-1.0,-1.0,-0.5689385896431063,-1.0,0.5545488897806625,-0.061905458132920255,-2.4238123147213586
1.0,1.0,0.630832055870669,1.0,-0.1359908574419071,-0.3429613576932178,1.076741838698064
-0.6766182138331365,-0.9135723876010209,-1.0,-1.0,0.6336899139817306,1.0,-0.013874710144067617
0.15214021189359694,-0.7658248498994289,-0.3691497352354819,-1.0,-1.0,-0.48824018962495686,5.555059677756944
-0.863849942670407,-0.0607304536841593,-0.5097318770553994,-0.4867560197939012,-1.0,-1.0,-0.6683352774461047
-0.26372764686729333,-0.9537180092434303,1.0,0.08982773648834952,1.0,0.5139485082281667,0.6996643466811865
1.0,0.847189025195484,0.5283720009315012,-1.0,0.5232123601487337,0.12023841380982592,-1.2769907460805532
0.4298440857723873,1.0,0.19000852386562772,0.746484584229727,1.0,0.05791231710759148,-0.5536359827091297
-0.2886676328547232,-1.0,-0.7002400211212559,-1.0,0.46699462343008924,-0.6202505285421088,0.09676359329546147
0.3993689798691332,0.7834005075174548,0.3633189025602581,0.5992762635748995,0.5407415578378089,1.0,1.7427764300778585
0.2662577220931105,-0.14919383653486074,-1.0,-0.08796553514555622,0.6272188675950847,0.1607275418233563,-0.2006017926290986
-0.8495663387977866,0.2717660497026223,0.20606060846884747,-0.6271534546517132,0.13213222456871776,1.0,1.274893532963725
-0.32069270976148023,-0.6129138843719009,-1.0,0.8239756908743133,0.11255676209538479,1.0,6.812807575622449
-0.4434308100411356,-0.1090277657852386,-0.1618602565636797,0.24254790848610797,-0.04576015305530118,0.4808673208968878,0.5570544451587421
1.0,0.48012686045625497,1.0,1.0,0.5865412902788516,-1.0,-0.5357770107868814
1.0,1.0,1.0,0.8295236430112172,-0.3720424858606237,0.5060123444007931,-1.8766404156049252
-0.7381253113361812,-0.5989811138318402,-0.02369038154290068,-0.5338463792742631,-0.15338196454112896,-0.5397956458742676,1.2240541283893538
-0.5817612389410052,-1.0,-0.035178145278344175,-1.0,0.22853649747952343,0.858213468697803,-2.6380196248181496
-0.3914686717503139,-0.5572543184927192,-0.38516479973970935,0.6441569300607625,-1.0,-1.0,0.4666625815900311
1.0,0.23567604145213683,0.5308713732586223,-0.6195219648233048,0.4148319949723682,-0.12232026875675672,-1.0862823770920917
0.056317675874089534,1.0,0.7660551896092052,0.26654264185184395,0.32132437214298415,0.6689637792147936,-2.0092703689676035
-0.8711932605386701,1.0,-1.0,-0.1561171611557597,1.0,-0.08688277613665224,4.467684487204073
-0.8445791209139824,-0.06119761329701623,-0.09294967820448141,-1.0,0.16934919668645632,0.1622186498524695,0.8808647358592057
0.03473091890878249,0.6725116617864993,0.7295253798486527,0.9659641884665323,1.0,0.36210979358758066,-1.8873627467268927
1.0,-1.0,-0.3916717067198676,-1.0,0.7525153998085568,1.0,-3.4304008864102475
-1.0,-1.0,-1.0,-0.06395688783294023,0.6322678424175527,0.3492658564350466,-3.3076467898826314
0.2997016487876858,0.6654496966966762,0.02503373707755352,0.6298779863411902,-0.19823043591101697,-0.13187161499604183,1.0037804529316863
-0.6134067202967928,-0.10384469506871616,0.8252167990497585,-0.18911114537125528,-1.0,0.7528645186844959,-3.456380791885737
-0.5738551027040671,-1.0,-0.26690770994070434,-0.7713506709307744,-0.47567171886833254,-0.7709495627084855,1.4513620116305728
0.06397650331910676,0.07416582281169593,1.0,1.0,-0.29668193034952905,0.7414422326567202,-2.776670904574771
-0.08365786238701128,-0.797195516495053,-0.45033981720766814,0.7658675970564746,0.061416952032587624,0.37923327938220297,1.6650301451055185
-0.47590913320088646,-1.0,-0.49158278077652967,-0.46630388750792007,0.055814329591064915,1.0,0.09460170150066927
-1.0,-1.0,-1.0,-0.15798035865057103,0.0569520766990734,-0.35037000701140725,-3.664549441971874
0.44512516628037285,1.0,-1.0,-0.44781597093864156,-0.35785882591875273,-1.0,1.7912807991578046
-0.6268259843321466,-1.0,-0.6239285841891227,-1.0,0.40091954463818746,1.0,-1.5500466571482419
1.0,0.38721145868931206,0.30090794658561953,1.0,1.0,1.0,-0.7598247478167927
0.6052176376827509,0.11743612709528417,1.0,0.8238621864381859,-1.0,-0.9077983286874134,3.975079669063117
-1.0,-1.0,-0.611656641301776,-0.5229782771446898,0.2915860708181166,1.0,-1.2153100069690415
0.0440301857918991,0.3937814581604293,0.226703584914403,-0.785582245864558,0.5283212918947129,1.0,3.0127922852890867
0.7599386454533676,1.0,0.29796121008646526,0.39278918541178887,0.8069792999592253,1.0,0.30103542401083694
-0.03296332493712084,-0.7690408262924384,-1.0,0.4631781147041138,-0.1825193936956094,1.0,4.905357962094288
-0.923688564992425,-1.0,-0.5450864560531408,-1.0,-0.935383438280223,-0.6598229231303164,2.538682763748184
0.6414999676376683,1.0,1.0,0.30971080979233356,1.0,1.0,-3.6447255902320186
-0.2700597609910276,-1.0,-0.7080642138735485,0.09030143094879178,0.9950182962981913,0.9178925048589365,3.3515716455763163
-1.0,-0.1544998086072893,-1.0,-0.8433167051516983,0.7081322506576733,1.0,7.7109742834182295
0.09900008018721021,-0.6357389236703019,-0.805341239082263,0.17430506638232024,-0.8097277109807877,-0.7398385064754662,0.8949390665572428
-1.0,-0.6055599246215202,-0.4731422510235581,-0.5094553337136698,1.0,1.0,4.231342538731884
1.0,-0.34578589042911145,0.18636942327701897,0.7312930448022694,1.0,0.29659470828318896,-3.2515290648484774
-1.0,-1.0,-1.0,-0.6854101653579359,-0.5345781361022683,-0.2368461415459946,-5.016291864090565
-0.8505071379708231,-0.31638160184539077,0.4089620361285886,-0.8607287270234907,-0.9646487740102689,-0.8840739368547945,0.4391973432660953
-0.4374190166321084,-1.0,0.564216604209342,0.26767930115480454,1.0,0.8125649558653989,2.055300184234021
-0.22301065230764627,-0.45343177179598704,-0.9962560257027377,-0.2769672257566089,-0.08338123105598327,0.9668596577952097,5.103346635471464
1.0,0.4629817367882241,-0.5522068846000674,0.5700457333239592,1.0,1.0,0.6425536345557391
0.4076885021008879,-0.8269733651771136,-1.0,0.5698874887672423,-1.0,-0.6780122450461229,1.3203120842835836
-0.5601572864402691,-0.38531608434983333,-0.5340994079628255,-1.0,-1.0,-0.696999982858,1.250077804780111
-0.9175260652025188,-1.0,-0.0685346046005385,0.0788487453892251,0.022521354699237994,-1.0,3.782716930904912
0.7646025372486577,0.8875380016530556,0.5434827939886069,-0.041419457752279454,1.0,0.34526644940319295,-2.151914828135305
0.8936873576851547,-0.2839696754598545,0.9533742721138988,0.40150833687188564,-0.780440610271,-0.2689445406531902,4.360657295329024
0.01621879896782019,1.0,0.27142862914237464,0.11544654475855154,-0.5453516953427815,0.8714627138922189,1.1413150019192988
0.10396062442028753,0.790516907484252,0.14949838957914086,0.526416650489328,-0.2890576132497882,-0.20463763035529203,0.7511658185660137
0.41380701922328433,0.27761664156560695,-0.18687809987082077,-0.5401110224020038,-0.3918819022739707,0.4611808836971667,1.6953338463662497
0.6632838685837223,1.0,0.4128974627686013,0.4092508833144625,-0.8562374770863757,0.6920877094621924,1.5162729482311414
0.32762038654854664,0.4343568437867147,0.7569592370275985,0.7176103208182111,0.6707148922398841,-1.0,1.4020717233090014
-0.018589138907083497,0.293041102496292,1.0,-0.027193546956571724,-0.9164771888809816,-1.0,0.6421241523220582
0.9411944637308991,1.0,1.0,1.0,-0.4490745280307672,0.19583481062319896,-0.24344230564149127
-0.8078648312312854,-1.0,-0.6554608085348026,-0.27038213708505726,-0.3148738920279319,-0.7817733634658339,0.28333951585290706
-0.7675579454238673,-0.5307011969198927,-0.609323913081976,-0.7229420229304244,-0.2272522660013705,0.11035545217303755,-0.6484700432110011
-0.48284900017062304,-0.2798815826792681,-1.0,-0.5907013681745756,-1.0,-0.5214268902309622,-0.7666009709621737
1.0,1.0,-1.0,0.11413350899413766,-1.0,-0.6721253917164669,6.6661843683563795
1.0,0.43215453312403096,1.0,1.0,-0.2568057769958094,0.5652915881669351,-0.22509552625144658
0.12826139957702543,-0.08460669612637292,0.8574267333239304,0.5427796670911722,-1.0,0.39833679202803474,-0.1023290910968504
1.0,0.4376395368040953,-0.6591186660602482,0.05375805743823597,-1.0,-0.503171655497277,4.008013793910276
-0.29705594003252334,1.0,0.2827145825386064,1.0,-1.0,-1.0,3.6260152736001077
0.1948271963907916,-0.2222043626481669,0.06611118114750048,-0.24726249513128074,-0.019161864170751886,0.2383757683813118,0.6686181101716825
0.152312191960226,-0.1005460587129327,0.9070512077299369,-1.0,-0.833161675322972,0.037285657496217595,0.6182108975264833
-1.0,-0.6923417641133311,-0.3240627625925754,-0.20005814979461678,-1.0,-0.06548453274618332,-2.373597866232424
0.6891399915815735,0.1558197610970521,-1.0,-1.0,-0.1476289030550748,-1.0,0.37375690594989763
0.06933341522835673,-0.05777541661554672,-0.1030776320612079,0.8039617181596563,-1.0,0.37265042963443445,1.1980608160067525
-0.5282850107730384,-0.3848609590742854,-0.1549622427794644,0.5286844340522288,-0.6811627697208902,-1.0,2.194891024356597
-1.0,-0.7033746956343301,-1.0,-1.0,0.6740048153201363,1.0,2.0899194112977506
-0.4599834519918118,-0.4514903420422314,-1.0,-0.7020008551066212,0.020017224926983324,1.0,4.86898720114898
1.0,1.0,0.23271068885499158,0.5785910211975369,-1.0,0.5444829404514916,4.668556069837318
0.2918403818032398,1.0,0.6067485666215606,0.4498510421795097,0.12961661327670485,-0.7915958264775674,0.35331328375311527
1.0,0.4758263969515757,1.0,0.57355111015742,-0.3029990135887307,0.20756517161238955,0.4449557107213007
0.42026127576335054,-1.0,0.44459034661487423,-0.9372362560795804,-0.9237578193079827,-1.0,11.9071556139752
0.2913810580138487,-0.30995054653051524,-0.06358889904418408,0.005797706041115791,-0.8548458364303296,1.0,4.192135852021721
-0.9207581630302527,-0.4024045228306566,0.23460745075432965,-0.6850325847893466,-0.6340007745280078,-1.0,2.016670958697728
1.0,1.0,-1.0,-1.0,0.29555116798928205,-0.8175206694902208,-0.5041947339714352
0.5100325317661559,0.3941109675760324,0.2746264479975072,-1.0,-1.0,-1.0,5.297202789373166
-0.7909057713152179,-0.12463973614052892,-0.1324486770393073,-0.2758981977436827,0.7394612070701252,1.0,4.214531198251446
-0.24908166879525329,-0.9373737633307104,1.0,-1.0,0.8788543778332288,1.0,-3.7579944102194345
0.5540614339196474,0.1033775965141881,0.4964609077080459,0.45154998957169645,-0.4701383091393116,0.06819040654405961,0.8236853208832459
1.0,-0.4162419528479923,0.08887266788799963,0.4446926917066942,0.2045204514162273,-0.6763027969254655,2.227920614014858
-0.49990241930270113,-1.0,0.4626092285187806,0.5177104716988015,0.12816209932647293,1.0,1.314865748620099
-0.3734337883909197,0.04896413804034272,0.48573281989657746,0.3705243871455123,-0.4448203645432782,-0.8721559026092434,1.9810509966257994
0.6499614112540234,0.3629542246044024,-0.5765485424437602,0.6564192605891798,-0.10308229420892678,-0.36937917687637856,1.0707808099933098
-0.6780873680416883,-0.7856109350858433,-1.0,-0.8418975927972172,-1.0,-1.0,3.4966251744424777
0.8897430059464494,0.06599424300798407,0.6276092853978474,0.3378767423559193,-0.6673798553071838,-0.2520297462688896,2.4955124185475803
-1.0,-0.378084918460039,-0.6933639773396846,-0.7548785626467411,-1.0,-1.0,0.901289212751754
0.3309728815929567,1.0,0.8023127537657799,0.07072905278588926,-0.9702595776160698,-0.19355615890890054,-0.9186468137794046
-0.6452851960422717,-1.0,-1.0,-0.8469168219900955,-0.28927261106406876,-0.9010085909043694,2.0073679630499472
-0.5403184186544703,-0.05931666386578199,-0.08136607745749043,0.6669116108957373,1.0,0.5670042743775665,2.3919887503568895
-1.0,-0.7140211952611206,-1.0,0.0619360362968332,-1.0,-0.31482667436674716,-4.43875177267948
0.7864304237029587,0.6273763176746385,1.0,0.18795374304677392,0.6095259878892777,0.4511777548855944,-2.0961791462327213
1.0,0.5089312564395372,1.0,1.0,0.9202457863198945,1.0,-6.3332239420527205
1.0,0.7969455122749096,-0.24658316002778718,0.6855751460194224,-1.0,-1.0,8.260671995957797
-1.0,-1.0,-0.5953006741076088,-1.0,-0.5845784436952093,-0.3695078586563847,-1.1339710953471955
-0.043681109281555774,-1.0,0.1741155935899228,-1.0,0.08329745599309502,0.2695456960484302,0.04948263718459023
0.1882280192887965,-1.0,-1.0,-0.6279520115195063,-1.0,-0.3967264659297365,1.7016127475044571
-0.7849539593063792,-0.11180275141489338,-1.0,-0.6829863585540608,1.0,-0.6357940866588159,1.238673000661267
0.9851914824133574,0.2509656568538723,1.0,1.0,-0.13203077892171544,0.0775316514574852,-0.5705688779534911
-0.05903177046399247,0.6138315765371417,-0.22155589366095518,-0.26175971837913126,-1.0,-0.43058574078392964,-0.03726016312631791
0.41769576359629107,1.0,1.0,-0.3839305722058646,1.0,0.25914612402632764,-2.1282021772265254
-0.6388399572303338,-0.04804576746654454,-0.9835627542837267,0.4543819759676063,0.4673113213636919,0.13920809970331827,0.1793555581018455
0.622945902520033,0.6182824283377473,1.0,0.49080586053319863,0.15905604205120716,-1.0,1.2550653870932966
-0.5648638843052819,-1.0,-1.0,0.5133438454353353,-0.6595090939968126,-0.2974741694209273,-4.345288514588742
-0.7285266682603924,-1.0,-1.0,-0.9531374359493068,1.0,-1.0,3.309164206911707
-1.0,-0.2346919845589156,-0.5732789152860731,0.15891757085783131,0.32774634528322494,0.03437943900355589,0.42463962181203824
-0.6854520327586059,-0.710802145481392,-0.40829644798657183,-0.5736725640996831,0.5651477342622333,-1.0,4.247998176076981
-1.0,0.01325112371095849,0.20460503476026737,-0.7910797546129362,0.07051681529238896,1.0,-0.54812715644335
1.0,0.06598964839412003,0.011001126877433931,0.5465192849883218,-1.0,-1.0,7.406580134014934
-0.8394907677637853,-0.2954074311976673,-0.3745489214636166,-0.2665584282194877,-0.21410522468407306,-0.7900331205820115,0.8791913199493323
0.15924561933379444,-0.03922040839796942,0.7965352516742471,0.8627833245843297,1.0,0.08439941317876642,-1.5132660191606004
-1.0,-0.5568285505387618,-0.16575214314047182,-1.0,-0.2864687591423893,-0.30806485863407324,0.12764834136948977
-0.8078022107604533,-1.0,-1.0,-0.1384200503617692,-0.5211654665033225,0.4082842237549321,-3.738365420141784
0.5288178901679857,-0.059935483077871055,0.6045358683645112,-0.07788506715498644,1.0,-0.14197305655277004,-1.4840609168197731
-0.014853595981761947,-1.0,-0.37700433048780746,-0.9748931295044554,-0.7847081413719774,0.027824444700759676,1.9490873250354552
-1.0,-0.3848260267672359,-1.0,-1.0,0.5399818335543152,-0.6465205963680187,0.7795166511276239
-0.38671746002325863,-0.6890237611237588,0.5019427097433649,-0.835782474012725,-0.4058864515548256,-0.8540135614075677,3.6476753606522347
1.0,-0.6012533675847114,0.6541974474272796,1.0,-1.0,-0.8400669582907847,9.733818121380317
-0.8765258791828869,1.0,-0.11747646120844485,1.0,0.08747869359909721,-0.49886263821504784,0.29019647925892594
-1.0,-0.5772074337411588,-0.15678421832728928,-1.0,0.4250886684046905,1.0,0.60434353151783
1.0,0.7469155475355607,0.5427147896192365,-0.415577509796359,1.0,-0.6654845417621861,-0.7505483840531062
0.7290844708301825,1.0,1.0,0.11176374466148609,-0.3429782008116483,1.0,-1.9034289921164662
0.7171288324559262,0.35178759927649256,0.3489033331317317,0.9544632496128624,-0.2508956605537558,1.0,2.032215031044311
-1.0,-1.0,-0.6619759913042196,-0.011833869112281237,-1.0,-0.08301225105796556,-3.958070389445126
0.27358184014644127,-0.6924502532546492,0.09937660701803944,-0.4224141427905851,-0.17489981722622383,0.7985483098844082,0.8754420278963414
0.5424610132440556,0.2901224752276111,1.0,0.29732690221816105,-0.44624849773649283,-0.2288600457422062,1.1081378104185045
0.7484311065993869,1.0,1.0,1.0,-0.12090909056945616,0.06220349773205569,-2.0096541038864615
0.7714205018625343,0.5066404454475781,-1.0,-0.9524258148259239,-1.0,-1.0,3.597057938627496
0.8210757497638945,0.6164690510087083,-0.18333082730804787,-0.39912284598913944,0.4224667941095328,0.165999089981421,-0.8458666681134457
1.0,1.0,-0.22042453412613294,0.2671575012753312,-0.9393699342847912,-0.562165958964595,4.8235896296371426
0.22781195465429938,1.0,0.6946622234339916,1.0,0.15897203517320813,-0.06665413459798014,-2.7966106751256663
1.0,0.2974031182814941,-0.2612416523393033,0.431906328361359,-0.4613590836223652,-0.09058130289070865,1.3008092635864303
0.8529244309964039,0.6174914810924437,0.20515829005720443,0.7615040163959104,-0.7480267753014773,0.021155521884277384,2.1434155579011165
-1.0,-0.678953084228834,-0.3974968297589414,-0.03325766270973218,-0.7009401173513752,-0.6998914353104813,-1.9999772680351193
1.0,0.49057656274327,-0.4014658082268777,1.0,-1.0,-0.8660476690127414,6.913691417736224
-0.2867924814033208,0.6488911942000832,-0.44490698640175713,0.1650539793256356,-0.5328490255036809,1.0,4.271727832987725
0.7750500784755989,0.007705167798917056,1.0,-1.0,0.5086064031738273,0.33598413809089317,-2.952345278348391
1.0,0.9773610152126937,0.5739896608588668,0.9222237872458388,-0.469373368208043,-0.4304928236615604,3.261239876398066
0.7161389085964641,0.9457573118573777,1.0,0.4436503702242103,-0.06600505361948694,-0.6934368146377887,-0.5128797666668145
0.23478161864296887,0.3480389299447062,0.43654141355406506,1.0,-0.3677746547032389,-0.15699932528224747,-0.0032723623448112082
-1.0,-1.0,-1.0,-1.0,-1.0,-1.0,4.0042981386519525
0.5256102337367343,0.805536442982639,0.9541171704188873,1.0,-0.536194367569082,0.08214554136117513,-0.0037425189184177032
0.7059747660168777,1.0,1.0,0.11439992275823663,-0.7067917544233961,-1.0,1.2386145188200242
1.0,1.0,0.9119598647336458,0.787727429519393,-0.859788171824448,-0.9059949839325727,6.581385523315284
-0.6409830201552474,0.8776344493278195,0.6786148971253367,-0.18920021035629458,-1.0,-0.08451798847898706,-2.9690300279865536
-0.7771793779155554,-1.0,-0.4295532033741212,-0.06146814669983902,-1.0,-0.027649285393439027,-1.9361881069578717
-0.6366358248421865,0.38629310968398545,0.775205654496194,-0.7057828860052251,0.5726096916991372,-0.1445932956741227,0.30514836378960836
1.0,-0.4887798421593909,-1.0,-1.0,1.0,-0.05945216809967091,-4.248594950625736
-1.0,-1.0,-0.24398075850701617,-1.0,-0.39697393778357803,1.0,-3.630775643463304
0.7052914160434096,-0.2258982270683706,0.05434446732541315,1.0,-0.16543941352736136,1.0,3.0009326844987063
0.018342281898192966,1.0,-0.4830535459448958,1.0,0.6390063164498521,1.0,4.580989451413956
0.6256940290210927,-0.0401521234574711,0.8820781402247505,1.0,-0.656514056097062,-0.09974291883254803,0.634773852794699
-1.0,-0.5423286876174546,-0.8700480467902978,-0.2261598807178854,1.0,0.6010837902383813,1.017708665582844
0.37219385887427636,0.6400768109061925,0.1752781635402485,1.0,1.0,-0.504892266466928,-0.29485462544565477
0.8822105357960144,1.0,0.4598601561306168,1.0,0.48499381261224783,-0.9849332952393608,1.2692523417264003
-0.504457357889641,-0.1182576588841815,-0.48329829950294445,0.18803460188512866,-0.20966410632993915,-1.0,3.110476331228152
-0.6229821113440386,-0.7196283958453864,-0.12712428366731032,-1.0,-1.0,0.15887921771818087,1.2242056829076722
0.9103113966459571,1.0,-0.576604268571099,-0.2052199591698355,0.892746534243229,-0.2961996982088668,-1.7694710807743959
-0.053943118693506764,0.3044481814684713,0.5908846226841614,-0.24612494380370764,-1.0,-1.0,0.4076561698175266
1.0,-0.026297719445839918,-0.13282229453756023,0.9170352679686455,-0.12953739898500816,-0.061029478486629846,-0.2562581654541099
0.2068940713466464,-1.0,0.2563739234956455,-0.2670034537114311,1.0,0.3370408186517571,-0.16951288479826868
0.35154764177041753,1.0,1.0,0.6793395146407328,-0.013814336132566996,0.7062794231883547,-4.558173900406774
-0.3738868992698562,0.9541610107711076,1.0,0.038447942260753876,-0.9661555632500762,-0.0501856383550815,-4.823135987261972
-0.24256554252149648,0.49715310857533446,0.07999189909043898,1.0,-1.0,-0.318844654217727,1.220395616502936
0.3123728772169819,-0.6636105901206373,0.8699697869601076,0.060977025336648394,-1.0,-0.7573493427018696,3.5251301274888163
0.6349925690050047,1.0,0.30233229491000335,0.6706744203152101,-0.00840170616313303,-0.6325130647873124,0.16839612906375656
1.0,0.01939268439266728,1.0,0.7807923325738486,-0.18058465589634243,0.29721694290433953,-0.27381274946985584
1.0,1.0,0.9929871427559674,0.085558074805404,0.30218004949888044,1.0,-4.003568900074492
-0.025246381185914712,-1.0,-1.0,-1.0,0.9896604868271227,0.8521689661168879,-2.6334807547303725
-1.0,-0.010101796486734371,-0.33090965350441426,-1.0,0.6302419751713231,0.43085455655049343,2.093900495446895
-1.0,-1.0,-0.14739187019294497,-0.2853141669263298,-0.5695396194791996,-0.3565848659480959,0.09584541798150659
-0.1934858182399843,0.0676341764511093,0.8546555154247137,-0.5122335484420845,-0.5105469153642423,-1.0,1.3389204227096123
0.933243441253858,1.0,0.8667474041633803,0.7638449949338566,-0.7393302413828151,-0.7630863951510174,4.830162090746213
-0.869735462777844,0.3244594363598605,-0.9469628258365203,0.5013808774027511,-0.6985741030836488,0.022499793529727197,-2.0746588443085066
-1.0,-1.0,-0.5823298630399205,-0.0567209525168203,0.7658482866465793,0.7148957536528322,1.0183540209609419
-0.4323247611308185,-1.0,-1.0,-0.25465788777962417,0.744934212271507,1.0,3.7215311530498942
-1.0,-0.40085414510620576,-0.8934845613554114,-1.0,0.5566878136943239,0.13489665255107297,-2.415282937597036
-1.0,-0.6508333301574443,0.5165855356456195,-1.0,-0.1229156674923847,-0.7013849044285229,2.1198381844438257
-0.029456529777017515,-0.15254810165166205,1.0,-0.8176193107350953,-1.0,-0.7139519685058016,1.5256035379672603
0.31337030662763365,1.0,1.0,0.31098933504752896,-1.0,-0.24917613208566225,-1.3180966354272294
-0.20435691889639696,-1.0,0.49955930894339073,-1.0,-0.4784299897215869,0.5995935444595515,-0.07055516867102474
0.6254301158082998,1.0,1.0,0.29963703929677643,-0.4159722748276311,-1.0,1.5073645487967833
-0.6694274070750135,-0.7153070507021868,-1.0,-0.48557161961342,-0.45064387751319024,-0.3522514525079401,-2.100361026517873
-0.6545697466033802,0.3107825510461761,-0.28016446274284285,-0.24618310516299435,-1.0,-0.31747713121289056,-0.8887390567887077
-1.0,-0.14481951516637093,-0.744136829513163,-0.691662910805662,-0.30884061814627206,-0.3333287482339666,-1.5862109549238474
-1.0,-1.0,1.0,1.0,0.26679815803150414,0.09472504177874297,0.07441140568999205
1.0,-0.9156266817567449,1.0,1.0,-0.35160724576630253,-0.2404958587363374,4.252497287302458
1.0,0.1316119634158086,1.0,1.0,0.5692364202168677,1.0,-4.724464692338613
-0.45607233703649985,-0.41766970440450746,-0.007884569331635616,-0.6120983655808765,-0.38431136835730695,-0.6226437490909609,1.2787911585986904
-0.06207607728281128,-0.29230710730326787,-0.07050851099344924,-1.0,0.9980046849093791,1.0,3.6059684297465378
-0.6382455903739657,-1.0,-0.45258177446266545,-1.0,0.03306402403132146,0.5549701234568669,-2.589211564673654
1.0,0.41166417168104164,1.0,1.0,0.5433792476733977,0.5872547019816788,-5.283922213414049
-0.3921052411799475,-1.0,-1.0,-1.0,-0.2931104275552623,-1.0,2.437758661940655
0.23967362415434446,1.0,0.14125884030143476,0.49761666040692787,-1.0,-0.15254766042261925,0.6701693443342641
1.0,-0.016912595975583145,0.3446275775516312,-0.6900756125563672,0.8197893232832115,0.40812827445763455,-2.235572784465691
0.7463945328588848,0.4655406262336721,1.0,1.0,0.4398801688170506,0.46246686775733703,-5.029988704533174
1.0,0.21710770487997755,-0.44670100151662995,0.3078211297065355,-0.8569139583480494,0.4625551593032842,3.713745995528744
1.0,-1.0,-0.6065516146773172,0.8672135869436342,0.6316739065267079,0.6724566700442898,-1.9218439317849454
-1.0,-0.5631986427724951,-0.48438843014517363,-1.0,-1.0,-0.6686871938409265,1.9116422544632183
1.0,0.46270667263716847,1.0,0.5844869125063934,1.0,1.0,-5.8629197909192365
0.3281822003283872,-0.19865775597544588,0.4088880524987296,0.06335570303473315,0.06792068787324756,-0.8106229344794046,3.649650836978537
-0.9335938195686175,-1.0,0.8074113961645444,-0.6416865108113224,0.18305928357678308,-1.0,7.590857715326175
-1.0,0.6772637877638351,-0.8226289489637719,-0.8380249219782929,0.4683297046785675,0.8472207091841722,6.75027964956946
-0.08651096611433162,0.12088379478695765,1.0,1.0,-0.8043951618991396,0.17572171558524227,-1.678689628061543
-1.0,-0.4817864595291521,-1.0,-0.7305995943322496,0.22167567550974587,1.0,5.110025088110963
-0.22531027515989435,-0.10153191740255496,0.4306796222164463,-0.20146909472985608,-0.862290439212326,0.5706256059478336,-0.528075952594923
-0.7508424190009058,-0.383789238471272,-0.29758144387257046,-1.0,1.0,0.9302355356730247,5.560380959284541
-1.0,0.06891089029395692,-0.2161738662753716,-0.8966906941510517,1.0,0.11463296183974814,3.8041495522644184
0.3454346918807639,0.3941706242012898,0.7358823372356292,-0.9303727541889539,0.4520067026698225,-0.22805041062516074,-0.750026641620642
-1.0,0.7144885382050863,0.37124018674459625,0.772862251926553,-0.4011872971306449,-0.9928761682983908,2.28416033393947
-0.12641906646742063,-0.37941612137660674,-0.15621095717340527,-0.2577331632184205,-0.8608907589339196,-0.21755293076452448,-0.11748409546505037
-1.0,-0.6538208195945965,-1.0,-1.0,-0.019114455993019752,-0.4286149982943521,-2.2374309692259597
0.5688658241278994,0.3150780165979068,1.0,0.2535040499229092,1.0,0.9955524196035117,-3.3109352353544006
-0.9204802153600052,-0.6698548838104144,-0.977401202992422,-1.0,0.5995035962251876,1.0,1.713473620893425
0.1081809877019211,0.22195229397129657,-0.3057250125472496,1.0,0.46964637945164084,-0.6698897912270323,1.0387888901015176
0.5951554805585957,0.7786454502679989,0.44111163544560134,0.5220941041563512,0.29192724737138787,-1.0,2.2304130661769226
-0.5536314766079045,-1.0,0.22246660052617562,-0.8861694091750016,0.2760797303814705,-1.0,6.563257994524995
-1.0,-0.8747051011577275,0.266790911347025,-0.07711165917103469,1.0,0.5633104525419497,3.2226228443500355
-0.6815934273723894,-0.7235161442094984,-0.5518664187114208,-1.0,0.2908573199622211,1.0,-0.7904209607840722
-0.8408988843973946,0.5741100112995374,0.14070589742020823,-1.0,1.0,0.4420803759055807,4.9006180739047345
0.6571475692987896,0.43634031477432933,-0.45949904834417327,0.5213996012198636,0.16855791014156282,-0.9733518632273797,1.2686531563743713
0.10312776949506564,-0.04668524694935844,0.2861330871414005,-0.05146937366466375,-1.0,-1.0,2.4918978977611004
1.0,1.0,0.7901515133924761,1.0,0.6837448231948627,-0.6117342506593032,-3.771780493869475
1.0,1.0,0.755513781127626,1.0,-0.9520124579913756,-0.52929287651662,6.884282902356539
0.6296705514542376,0.6223919791992706,0.6643300625214839,1.0,-1.0,-0.5610287777375611,4.009377146606107
0.8381407155045613,0.39733908245696187,0.7988206052998099,-0.8228267212623421,-0.7061033931316552,0.8030672877006912,2.5784848542956387
-0.13617308556431906,-0.5798249261551995,0.6834082538896767,-1.0,1.0,-0.32257716152803717,1.3602007714735656
1.0,-0.08956419031228768,-0.2841712314259248,0.17679658972017975,-1.0,-1.0,5.665620403083624
-0.40312982534880304,0.4483914702321633,-0.420151592897328,1.0,-1.0,1.0,1.74629415608551
-1.0,-1.0,-0.7291402513316143,-1.0,-1.0,-0.12978132215118343,-1.0620046291068452
0.09756287326609558,0.1330610403934154,0.3296374159689898,0.11896685129149087,-0.25414622906558026,0.16178474417428013,0.5139580941861451
0.573854972530458,1.0,1.0,0.4234274156326045,0.3027682217469635,-0.3928136879463383,-2.7668405029285905
0.07751835921096739,0.2560879720516312,-0.30240633008269063,0.6227657900088814,-0.46222029864026015,-0.9204934425187593,1.4257731114220566
1.0,1.0,0.8337034082461104,0.5529795791161498,0.48907859620655814,-0.18698537631398054,-3.4161574957927834
0.04902587059582775,-0.63350829585083,-0.7980753108796581,-1.0,0.25045249200965114,1.0,1.6548054394937417
0.818683916767484,-0.36058588226699617,1.0,0.5228759208930365,0.9264269768602613,0.5315949142794496,-4.376720725795506
-1.0,0.03424616300345651,-1.0,0.1320843501898994,-1.0,-1.0,0.9139089382584723
1.0,1.0,0.899536698220936,1.0,0.509928942680831,-0.036073672366163656,-5.102187128354553
-0.303820011623323,-0.5331185628195831,-0.33913769483329886,0.037273790389921346,-0.18226825739853053,-1.0,2.5969300633872856
0.4807717087322074,0.06141107432550097,0.4873224527991089,0.9779038520613457,-0.5776441619605512,0.3431355326627747,0.6227339822523623
1.0,0.47957878322825276,-1.0,-0.6793268419970532,-0.7222855097625565,-0.3902303897167205,2.58473258886904
-0.740498492293171,0.07261096452362008,-0.5931698301980581,0.02114314511287091,-0.318957435695411,-0.4613941215260413,-0.7831002350000407
1.0,-0.14997516065504246,0.06089140825750025,0.3791501004009826,-0.8743996866867157,-1.0,7.351687433576227
-0.8555573777540966,-1.0,-1.0,-1.0,1.0,0.7056077986269652,-4.121599921445451
0.7601646302186851,1.0,1.0,1.0,-0.5289528076637466,-0.6336439931385758,1.9457676533946677
-0.5285505572073236,0.3758913302772114,0.29087098978381043,-0.4992983968010112,-0.9836759070227257,-0.02232087233907115,-1.4751049413278827
0.46074254589813124,1.0,-0.2951903843446061,0.011430752027444424,-1.0,-0.6024104449554584,1.9641556769802264
0.5743303275045655,0.9410661933692314,-0.21940364579027194,1.0,-0.2521411795788394,-1.0,6.250331427064388
0.15589843568076622,0.4661506637393875,0.8871357486638802,0.7883793479263959,1.0,0.7975248125974117,-2.1381827216514777
0.2520827535752698,-0.46172455885227315,-0.24399093264310057,0.015827883489263395,0.9071258974520595,1.0,2.283738781439676
0.6678276726327776,0.8855270606320333,0.2557315875307271,0.14453741362077815,-0.18440064972776093,1.0,2.6948038295659824
-1.0,-0.40805832852028306,-1.0,-1.0,-0.7817202310357267,-0.6266701274392983,0.8146250710979773
-1.0,0.10747457522996673,-0.7934322869733588,-0.3085881388883072,-0.4583136989251247,-0.8451866677434685,1.629707375211345
-0.9244895117703595,0.5717847853537155,-0.4848255720714843,-0.20986590678878186,-0.8730837710469342,-1.0,-1.013119240237557
1.0,1.0,1.0,0.2629696010772804,1.0,1.0,-6.119228824865938
1.0,0.8225055475340158,1.0,1.0,-0.46156171758973724,0.8591186981477347,-0.3866188150130506
1.0,0.7856668654376293,1.0,0.08137792744687355,0.08130679520347028,-0.8740524796742051,1.0057605943227304
-0.9768541925816767,-1.0,0.31729909938489076,0.40491094219448354,-1.0,0.27313865146285743,-0.6211099950820282
1.0,1.0,0.5964701232773949,0.11977641703081171,1.0,-0.6920281815149545,-2.179176806410581
-0.15803708015037965,-0.3359898521024831,-1.0,-0.09177992753949327,-0.3155755293291651,-1.0,3.437395704534797
0.3614700871348062,1.0,0.4208880613427739,0.8624165384768494,0.7693454154730024,-0.7837402141343802,-0.799449325722127
0.1408306434050347,-0.2371564258913916,-1.0,-1.0,-1.0,-0.6526992340305391,1.756311875987903
0.32147288982269184,1.0,0.4648614837169307,-0.5922915732371776,0.3223947835343015,1.0,2.7296302811152238
-0.8656809354367458,-1.0,-0.2766640763859524,-1.0,0.993605255443084,1.0,1.1613519940237613
-1.0,-1.0,-0.4016095244221807,-0.6567378865090635,0.8984667824642142,0.8081969485596613,1.1233643642613638
-1.0,-1.0,-1.0,-1.0,0.702444016162901,-0.5486219305046875,-3.681995762761918
-0.5681713628948806,-1.0,0.35196899204994103,-1.0,-1.0,-0.8543945628849987,7.146141433940208
-1.0,-0.7386089287408575,0.035758377136806574,0.5097889630832892,-1.0,-0.060474511310323886,-1.6418878835545956
-0.8943502053789611,-1.0,-1.0,-0.9754157694007561,-0.038351316134582536,-0.9945869831533032,2.197915591562275
-0.5351633369144877,-1.0,-1.0,-0.5749142207793603,0.3661489465692751,0.08761486656939299,-4.378992309669793
-1.0,-1.0,-0.15578471410677153,-0.9812238227734267,0.3546566350901813,0.7452716537696219,-2.6085807803417786
-0.180402012779029,-0.723397172596985,0.2673333014114989,-1.0,-1.0,-1.0,6.262013579699492
1.0,0.3090748278932538,1.0,0.4876977307595649,0.6478697664255482,1.0,-5.634389756853031
0.08117876043548522,1.0,0.619085967727336,0.6713953890002495,1.0,0.9412358176875588,0.3642450082105127
0.06736689462037043,-0.5255792013716777,0.08271274253267816,0.18525604610734026,-1.0,-0.744850294968332,1.5727379947475537
0.5496018916580718,-1.0,-1.0,-0.05475730810524637,0.05077706221012693,1.0,1.2058962225279795
-1.0,-1.0,-1.0,-1.0,0.047786187582665285,0.45392254990670766,-7.546864828767449
1.0,1.0,-0.11941814729820321,1.0,1.0,1.0,0.2776492004343682
-0.324584746138936,0.49478073560388663,-1.0,-0.9325699372160157,-0.15407191459438346,0.5846642710255293,2.8598360214684937
0.4387716223219986,0.00892206969761955,-0.5690164227520966,0.7895035522597071,0.21087842098571807,-0.603042171963721,0.3505947203557792
1.0,0.880049958547741,-0.09270719965811025,0.4483576548498521,-0.12581451531573745,1.0,3.5651685476172847
-0.006228848839216844,1.0,0.736657691697546,1.0,1.0,-0.9297559639510992,-3.395422512899215
-0.9534953186739065,0.65759584527184,0.2943757659233375,0.23301280802913998,-0.09833484981447027,-0.9159421419538846,1.1893755657111063
-0.8213314676342052,0.9888078539580272,0.8849911168201672,1.0,-0.8381479294405993,-0.37917389949070857,-1.8173890840651117
0.3296855472096365,-0.5402166418999416,-0.32525559550260863,0.7778697369615184,-0.40695377340263517,0.1197456533620434,0.8414069390317334
-0.11299896857156977,-0.8405274550737389,-0.6891296918414842,-0.5023826606365254,0.500109025428534,1.0,1.7237177332684859
-0.6516001848203241,-0.5073402793397064,1.0,-0.17099231163631112,1.0,-0.3175612625176044,1.6407081360914701
-0.9638730807140863,-1.0,-1.0,1.0,0.7543434234237166,-0.1650193173458481,-7.07499738859984
0.4605144141831188,1.0,0.3718771504658125,0.6931116096130969,1.0,0.008683114254310564,-1.6803703662795437
0.09578062390630437,0.9144163039050441,0.49678070266095786,0.5834049723380427,-0.8827594403951597,-1.0,2.5683394912489725
1.0,1.0,-0.3124249561953195,0.8047930663055246,0.058018018924618886,1.0,4.1960712011178565
-0.5962053485545785,-0.3309259648386831,0.4565700365165032,-1.0,0.11425277569487352,-0.38117553236560076,1.6767314005837284
-0.4948626720574285,0.5387355195991175,0.0457317378654134,1.0,-0.2566468277844023,-0.06405899900606882,-0.29610251478446087
-0.8097359734982127,-1.0,-1.0,0.5823422706924699,0.6650877197339125,0.7685809413465664,1.3168613635763213
0.031113667733377426,1.0,1.0,0.9072787253621448,0.22761685610393234,-1.0,-1.519199177554129
-0.1495987930666951,0.3416092228187297,0.8554048732512348,-0.9693062856333816,0.312934659689877,-0.518697193897276,0.29809225404577927
1.0,0.6476964833836303,0.05622055511609331,0.12396517061865425,-0.9444319469789331,-0.1945098860048029,2.4361799113094142
0.5850510989338643,-0.18680303651958124,-0.03703889722811976,0.22036032774164516,0.8206081046774087,1.0,2.011125659065757
0.776640580427967,1.0,0.4901325310406177,0.3934491209273463,0.1197026994155729,-0.6401243372674064,0.12118828878353267
-0.4596934377904579,0.05711322475591757,0.9544007752990236,-0.2502583927504095,-1.0,-0.7508470904770741,-2.2986745839693303
1.0,0.9594228779823835,0.22617740403492798,0.0012728199785219108,0.5509355365989737,0.8172118960507451,0.49199133112230925
0.14425262836169694,0.2205378514249252,0.0424215544446942,-0.5343698336666786,1.0,1.0,4.897655818311321
1.0,0.9223179339032557,0.6271359900348166,1.0,-0.43464171697416826,0.225861366235397,0.9029465957140018
-0.7615676258228798,-1.0,0.08660612388352229,0.03394405724705729,-1.0,-0.2795595219323278,-0.15911093767038356
1.0,0.703871597828343,0.9821871355924241,1.0,-0.23711413222920918,1.0,-2.3911150833505825
-1.0,-0.5702258180454609,-0.3589359702116104,-0.6899838969388412,-0.7348133113526529,0.0919669304083035,-3.063698810985092
0.08250165872333615,0.9501591645778158,-0.019563770781920953,0.5332355820840441,-0.19274142065982258,-1.0,3.175390870238753
1.0,0.4462839227118709,1.0,1.0,-0.30992466910309524,-1.0,5.413678538228194
1.0,0.6604611984937101,0.849664414543122,1.0,1.0,-0.28355788157129624,-4.259119835611867
-0.11165179356876148,0.1639277191505054,-1.0,-1.0,-0.10862939814916328,0.3703703178254282,-0.5592866770115317
0.5410137732868661,-0.17636199485435022,1.0,0.5891605357344831,-0.8757479690339999,-0.2296501830605435,1.0013714818309052
0.7536737258039483,0.49289416241791595,0.21475770486424683,-0.479765446393397,-1.0,-0.29832223004865377,3.152666783629578
1.0,1.0,-0.11963791557106507,0.4198767786422911,0.13092227001951712,-0.8621551632959062,2.4305631383567463
-1.0,0.14560299631994433,-1.0,-0.8987537619702705,0.89506110150946,0.8416548295382018,5.825282656339191
-0.5273830004960869,0.28385443002715005,-0.8679763599597711,0.9493381621464919,-0.3819764488772882,-1.0,2.496194911914215
-1.0,-1.0,-0.07288095889986124,-0.5379641860481819,1.0,0.03609362934994198,2.570767069050408
0.09865393575467818,0.30202339463606487,-0.9010616672604164,0.8951809850973655,0.9789561651417451,0.06566339029422191,-2.155213672683451
-0.6901053983771208,-0.41484286174975926,-0.025861238070986614,-0.5706760427523577,-1.0,-1.0,1.1688452846294006
0.41736906620684516,-0.7938410520216637,0.16257717012073572,-0.5906047328037742,-0.9054878959014098,-0.4914807941470305,4.595034436941887
0.11095563584535223,-0.6475898147584216,1.0,0.15936514945715835,1.0,0.797827538113532,-1.6269823315993648
-1.0,0.22790859312281309,0.5771353045126388,-1.0,-0.28155221450603024,0.5415642373246291,-1.5199179571978891
0.09303958410096197,0.20842550710629662,1.0,0.06464580929497074,-0.2610962808452488,-0.7021761060860063,1.465707274035207
0.9761502384532089,0.08322158512766001,0.4828659317028683,1.0,-1.0,-1.0,8.605663928839318
0.8144963268132835,-0.7945197423445997,-0.4522061261640028,-0.8141317487574147,-0.32818276573652416,-0.27307409872053356,1.2082140014391682
1.0,-0.8234478775620315,-0.3608516203453843,-0.17226390118042628,-0.7069025806605248,0.11339163588115081,2.9028877923341674
0.6300076148045844,-0.687305148984819,-0.5729863789925436,0.5544263660803067,-1.0,1.0,7.274977074039278
-0.7679891786008266,-0.26362488965684083,-1.0,0.47020841655696755,1.0,0.31707034138454293,0.7138348502351228
0.19447141155513664,-0.6874648375276392,1.0,1.0,-1.0,-0.3063776264997262,1.6238390054013638
1.0,0.5066387786285784,0.15246660615988886,-0.5433925752659233,-1.0,0.8490748943192892,6.73003505610953
0.11491416367466689,0.8855836243274859,-0.22242675818320745,1.0,0.046200012257567785,-0.648513383769049,0.9826884632464166
-1.0,-1.0,0.10218094767120356,-0.42435979315134453,-1.0,-0.07641915912850043,0.22822709387336215
0.8738951220431159,0.0036091840519403284,1.0,-0.26377607282021326,0.08440669842399928,1.0,-2.0598794029300462
-0.0171811054031432,1.0,-0.199509585166875,-0.05871685477308719,1.0,1.0,7.773344256892862
1.0,1.0,1.0,0.929714015193348,1.0,0.9359001154245978,-10.230419003253607
0.18033121612608627,0.8488399662692157,0.3238379015602493,-1.0,1.0,0.17960056712902506,1.5915788307760823
-0.5400186205794784,-0.5997197842934696,-0.7893134150105752,-1.0,0.3335059435632389,0.9712184727007387,1.9071753849402755
0.4590546533567708,-0.3229531344150264,-0.8523838377311922,-0.8890923350721939,-0.8993794622926976,-0.048439450805384254,1.9221927737178024
-0.8018948185730581,-1.0,-1.0,-0.7261937015124396,0.06627415358756589,-1.0,3.6279501639491647
-0.4680434607147559,0.10511071031254715,0.38864280156807024,0.9485117704345898,-0.3583249238780306,0.5211609607097152,-1.0127763885374645
0.9398767056963631,-0.04474269503952355,0.4618645920923631,0.3670277192148186,-0.1660634932597046,-0.6665450787099143,2.526182018351146
0.690498413342983,0.7724638026083664,1.0,-0.6344208002661154,0.10197227632665892,0.4031544247355014,-1.7857363879107087
-1.0,-0.8846978446782792,-1.0,-0.9711617049399868,-0.04396675397093813,-0.1899787676048812,-4.864618910453519
0.6673478879887671,-0.2761499155889361,-0.9782914391718502,0.568432811512498,0.13485311363071317,0.5275790792933317,0.4616155311992752
-1.0,-1.0,-0.6137571261629289,-0.922168156858022,1.0,-0.45039837839659186,-0.2321299815457234
-1.0,-0.277246282557065,0.7559741629678465,-0.4883269103539217,-0.327049606911443,-1.0,2.6161958332438098
-1.0,0.5215820871023635,0.05368120339662713,0.015069431143493017,1.0,-0.3223064893432416,3.068708250368297
1.0,0.7571667224917963,-0.14783290588088652,-0.4602788437839421,-0.6603975468648271,1.0,7.963953501835905
-1.0,-0.8390138363148525,-0.12820654899052397,-0.7209022130959826,0.27309585049548407,0.6830646052617445,-1.785725812367751
-0.4817526650103329,0.2944653531801623,0.031142458278245008,-0.09971547821725235,0.0764511231189996,0.48173244991598907,0.6778730527398428
0.15999598218604466,0.5369908587680492,-0.4592778183767691,0.05990108809971906,-0.1295415756939387,0.19462688981668663,0.8243418614574467
0.7046854072630452,-0.41615003576930426,-0.916666919359971,-1.0,-0.5485276661946668,0.17944725640131537,2.1669964571638887
1.0,0.9697059751709343,0.022663331484915394,1.0,0.17568619643645034,-1.0,5.547058982165556
-0.3687387863297439,0.7810114556674523,0.5696292175702966,0.4440327918103947,-0.21506258650780122,-0.3011568303562797,-0.4717212465064924
1.0,1.0,1.0,1.0,1.0,1.0,-10.231121856708159
-1.0,-1.0,0.4743900186366122,-0.22875391704339143,-0.49335772257704014,-0.021124857214646874,0.21142239162476253
1.0,0.05628784024683886,1.0,1.0,-0.5981413943608325,-0.18355262087030644,2.024896500432514
-0.6132812730067448,-1.0,-1.0,0.7812523885088132,-0.2537456239791867,0.5830373891687439,-2.665645194672499
-0.01678520287649768,-0.07074714578447305,-0.5829635146768247,-0.6044435953391819,-0.6536671536854175,0.6749491897432021,1.4693257040472134
1.0,0.7802769878650722,1.0,1.0,1.0,0.7531355910189625,-9.170217502037243
-1.0,-0.7866015878239083,-1.0,-1.0,-0.10192533984569152,0.7987595093456474,-3.0697484171341305
-0.8812311965896198,-0.27202664681253214,1.0,0.11707058334643428,-1.0,0.3005081797747764,-4.030552279198448
-1.0,-0.36989805527105957,-0.5048013749245494,-0.23128595198912538,-0.7094762127239169,-0.6063211824117877,-0.9453278134910192
0.14467127594076484,-0.19846716980034385,0.648593527421515,0.11298713656170324,1.0,0.7110620877585898,-0.5719950242483633
0.5533928258140037,0.3729958575426108,0.44576143618622377,-1.0,-0.17764563794172278,1.0,3.8491754290584645
0.7770281841353481,-0.32307213486706676,0.6229797967339518,1.0,-0.12971096774706875,-0.5775357956300986,2.228447105636955
-0.07492942565084451,-0.08787522359652827,-1.0,-1.0,1.0,1.0,7.1363106515691275
0.5376233168398878,-0.9382004994195337,-0.501875032921604,0.9173642807617413,0.21933815383409766,-0.23159960984694772,-1.7073597648009873
-0.7990661412834474,-0.9957671107488925,-1.0,0.527887159289627,-0.32848147506887615,-0.04171508727442497,-5.941990177097378
-0.7373622087340421,0.11009988536807974,-0.4743494677274515,0.19355616851846066,-0.29578819737603257,-0.5069543308032434,-0.7733474945771517
-0.666555801341403,-0.3016197340083808,-1.0,-1.0,-0.3045641032975811,0.4889955272587371,-0.18292779735440873
0.8417531591224837,-0.7709058242531102,0.37109438527387006,-0.46062025573890597,0.7517743074853971,0.2160876480475734,-1.7949756002505377
0.267550591142298,0.22721513542374117,0.768130775664375,0.6383009269983024,0.5748127492915563,0.3036389596530605,-1.8654986592866756
0.3920611492880907,0.21461755025664825,0.19233788811258612,0.33601473507881996,-1.0,-0.22469474123375266,1.26437959601803
-0.3778456299039776,0.5969052602286617,-0.7631285356686495,1.0,0.4705574978275039,-0.2526914929751673,0.14793437598396403
-0.6775166536518717,-1.0,-1.0,-0.7886771776887713,-0.7582122741983212,-0.9112559866818657,2.356620829546372
0.2383216069899422,-0.1609351927902138,0.47293979220408416,0.17908132924357312,0.9245826113166866,0.06931462586810166,-2.022622951133493
1.0,1.0,-0.15448181798157778,0.5650845545185534,0.5904359937324583,0.7155981904100946,-0.1373714753975507
-0.7096670269477692,-1.0,-0.5869834746824097,-1.0,-0.01001518950185476,-1.0,3.8200603595473703
-0.22544218105915784,1.0,-0.3163185361331782,-1.0,-0.10325808609397846,-0.08991128937946602,-0.2624994863054106
0.6754147601699781,-0.9519199468323947,0.2846532504463466,1.0,-0.928991231647448,-1.0,9.522416734697716
-1.0,-0.16565162793646704,-0.639935536264621,-1.0,-1.0,-0.20906632630298633,0.13304201474627053
-0.46174114953205114,0.5109779659586203,-0.6697342672564994,-0.1907275500548607,-0.9775518885322079,-0.4373076846364016,-2.606910364859081
1.0,0.746118707991652,-0.17181184242643932,1.0,0.5132377561141155,0.5560664431021134,-0.5736561835679859
0.3624762141384199,-0.2677435152664503,0.8598364214622372,-0.20276440779200725,1.0,1.0,-3.2828350071146577
-1.0,-1.0,-0.49870500424721054,0.7912472590216475,0.5253102512766286,-0.8398469043947079,-0.24772224757125705
-1.0,-1.0,-0.9273121234426288,-1.0,1.0,1.0,-1.318178983383135
1.0,0.8526196457654793,1.0,-0.37282751791547775,1.0,0.7420542481866998,-4.341508261926966
0.40605232131818225,-0.2837986698703463,0.00393054653244973,0.09803835895349855,0.14176714203484486,0.08543876454894295,-1.6137599399417375
0.8280039757068229,0.5448084095085148,-0.4180427377594197,-0.9974856056969876,0.3546630019313648,0.41324371193076814,-0.19610708163952795
1.0,1.0,-0.2861378319096214,0.1168422841233111,-0.08879502680335838,-0.4787012842179447,1.9503292863117938
1.0,0.20579372332044454,1.0,1.0,-1.0,-0.6896110838239082,7.382583378558667
-1.0,-0.12319355949235788,-1.0,-0.23604422964457683,0.28388334163427076,0.4186209774565479,1.0031700274242832
-0.34632794653044585,-0.17488156423513357,-1.0,-1.0,0.019510549477346026,0.2780841783689403,-1.2955448883040124
-0.12759859917847446,0.6140586602719204,0.3780223330715272,0.6256969597994442,-1.0,-0.8082832317432392,1.938087307737487
1.0,1.0,0.3687719644447196,1.0,-0.21986388944541693,0.4536481690510684,0.5501036332354566
-0.28383319714553945,-1.0,-0.5038988547776779,-0.379035491164491,0.21378059366035834,0.9449546632497314,1.4749207057253009
1.0,1.0,-0.53220206615838,-0.24983253058217703,-0.1285747510726025,0.7321837629037011,4.460557408011501
1.0,0.7278609668809424,0.8056472583412957,1.0,1.0,0.13603158104009205,-4.903598860555915
-0.7005216225818209,-0.6786482825747271,-0.24495641880585667,0.9036419490305432,-0.10161920884944409,0.6847173907968676,0.626197955230746
-1.0,-1.0,-0.6820398785268402,-0.7323091853981496,0.005784131391639358,0.29373896306192626,-4.673502568457643
0.9784038742500634,0.5216878868501511,1.0,-0.48996775092315326,-1.0,-0.8821794755121426,5.523720418204915
0.8174380135225701,0.7873319157057912,1.0,1.0,0.07063737636894671,0.19578704392789542,-2.963106149578706
1.0,1.0,1.0,0.6028598143881536,0.18357223708103232,-0.9313326133323897,-0.06622651870518739
1.0,0.28145225295180687,0.7947491866509977,0.07424988987463776,0.5508498879569368,0.5119770428656272,-3.1390951436478716
1.0,0.8818892576304074,0.3623276043862259,0.0360286134534632,0.30938507779059676,0.10512410710454168,-1.7736792413853069
-0.9552812540726895,0.4886986286837846,0.8972315430086172,1.0,0.5235759379778178,0.81365340583306,-3.1370955515260506
-0.15215978356582327,-0.16427339597237067,1.0,-0.4947960756122724,0.8383713606873298,1.0,-0.880350497789655
0.98488568493097,-0.762063073267443,1.0,1.0,-0.059317534799893795,0.9378380948399101,0.6747138680176705
0.37071926340186656,0.2622410432128397,0.516715095305275,0.048644128275371123,0.4382280262226942,-0.22376928639598803,-0.06238823958180564
-0.7134768431896592,-1.0,-1.0,-0.7832703300812971,0.5274071860618079,0.5881117133762142,-4.128747514657631
0.26820420670234024,-0.8032657305797765,-0.06853848012294383,-1.0,-0.16352653022760533,1.0,1.3956288413268065
0.041894669180255084,0.6183914858151394,0.8376974622228658,-0.24588267580830975,0.016748924497934414,0.5608513580012734,0.18781293078787287
0.4856104185578831,-0.3209692946904035,-0.27830099696121063,-1.0,0.6190818351568886,-0.15878231298368162,0.23183490063077622
1.0,0.28973497010855453,0.7894848812966995,1.0,0.35250728562330474,1.0,-2.954813662654616
0.5314725308215633,0.47801773106363465,0.1066536997706038,0.7276247398198898,-0.9205295279315974,0.3764650544412497,1.7980779527071007
0.894590015820014,0.12581745152870738,0.16969811385060907,1.0,-0.4224693885865248,-0.2448168998127358,2.06016560705924
-0.6792110025836855,-1.0,0.8702812215945058,0.5358630010533636,0.36325643045550876,1.0,2.0933105410193353
-0.030480486462059364,-0.4185692872892248,-0.02666600850180667,-1.0,-0.26825399143245365,-1.0,4.034095681125221
-0.3886838191412558,0.46783517147437165,-1.0,0.41759349953987757,-0.8681621464728442,-1.0,2.951706182321405
0.056372474233313374,0.5234723253036846,1.0,0.7732199384986758,-1.0,-0.853897077773179,0.8168984744029593
-0.07972327473572927,0.18760820042864468,-0.1896644306068847,-1.0,-1.0,-0.1490866911310802,1.8204104649867126
-0.004512245482856558,-1.0,-0.5277966475601181,-1.0,0.8656642163724191,0.7633870196455521,-1.8107161365854565
-0.38938943713500873,-0.12270054951436293,-1.0,-0.09045870547230139,-0.08053931797223168,-1.0,3.8643267005005617
-0.23477405956138508,-0.6066499322885999,0.1646837677079056,-0.16735319659732162,-0.17216376548069123,-1.0,3.649618802574637
-1.0,-1.0,-0.15823179351482775,-0.7325278580219021,-0.7550844630148701,0.005628708171173724,-1.1206941042767236
0.6392166544279423,0.2206818149349925,0.42195557906004466,1.0,1.0,-0.3495643901178163,-0.838589209955786
-0.23976314565036505,-0.2880501353588072,-0.03715885555434706,-0.18872396545529768,-0.9958946677249432,-0.5525456490619283,1.0927198626327794
0.14370330492556949,0.4393979083326271,1.0,-1.0,-1.0,-0.5301434583829534,-0.6027901036637144
-0.2151712666336293,0.6376205566110886,1.0,-1.0,-0.010611925066685957,0.956040127470764,-1.3243781192604633
0.19965700321511692,0.8497559104309156,-1.0,0.6608265150094554,-0.645473059826532,-1.0,4.286852522333925
-0.5533886496893707,-0.0008018511573366638,-1.0,-1.0,0.7331394187689628,-0.7748370685011504,2.703488335626492
-0.09375890744664514,-0.14317885087206428,0.8296530497572496,0.6192852776994611,1.0,0.3105455217876592,-0.15779614494636796
0.664668765340469,-0.2840164335427137,-0.03867373767211707,1.0,0.8394139867949477,0.6558527709211119,-0.4023588588369611
-0.3350692321828628,-1.0,-1.0,-0.6413618865152395,1.0,0.07510759593049439,-4.962297475054866
1.0,0.6157730319250672,0.6366807729264399,0.36134762427797495,-0.8762638375905074,-1.0,7.429381558132435
1.0,0.6359262453067078,1.0,-0.5704795940728516,-1.0,-1.0,5.278003353293419
-1.0,-1.0,-1.0,-0.9824472633861894,-0.5600450287846922,-0.5893325515244011,-2.171473547860611
0.2822408201905505,0.3887282496492212,-0.19161848361034486,0.5136271676775649,-0.40636488375138247,-1.0,2.743695253633208
-0.8782148683646427,-1.0,-0.8515295314661349,-0.8693437568790279,1.0,0.4502643809755707,-2.6212482933782546
-1.0,-0.10490977502859034,0.6092322075053643,-0.5686255156184422,-0.12493020976138691,-1.0,3.963723601601973
-0.29484461613017543,-0.3162801963616699,-0.860322641644367,0.8110204166387385,-1.0,-1.0,0.38655727688624625
0.8450452451461856,1.0,-0.5164009275722878,-0.1546528628213849,0.7451500720414983,1.0,4.359639515625488
-0.5828342728212124,-1.0,-0.29419516099717535,-0.798691980511068,-0.4003129611797096,-0.42311660106401794,0.772163947759706
-0.4439433310387596,-1.0,1.0,-0.278208378684967,-1.0,-0.15326101868352215,2.294418165397657
0.8292836747574085,0.8307313705170765,0.4054194826946955,0.7324418308753562,-0.9796255158984021,-0.7866624077258209,6.178112742304857
0.55731965985925,-0.3032822848160021,0.7347986421644103,-0.008197960832063006,-0.8064685553693018,-1.0,4.535623931558184
0.2607107586267465,0.8201758011827958,-0.08393146837610072,0.4758449888680427,1.0,1.0,3.5407447008430384
0.12229635477512923,-0.22333872242153546,-0.26857996424275743,0.5514750707327268,-0.34293496721047373,0.880252855217278,3.677821524459965
-0.2050186354809167,-0.17434189135025413,-0.5003790180868743,-0.08773200162454975,1.0,1.0,5.223968534322704
1.0,1.0,1.0,1.0,-0.10766210275090982,-0.3745276776492118,-0.9492437802691095
0.7938428547286484,-0.6516260026841159,-0.04207343384806567,0.5612520651084386,0.5227836915191653,-0.6692206383145152,0.26849793019844487
1.0,-0.4756201941977403,0.1688185041736612,-0.4467079991615467,-0.7898389069404752,-0.5740186173982458,5.06199078616972
-1.0,0.4450657648685318,-0.5400145498156684,0.2549429388142633,-0.49239136623261665,0.6200072732492432,-0.24834626510264654
0.07181970156495221,0.5745109022339943,0.26824358842966745,0.0442471913620226,-0.36625375695291074,-0.5810949748873393,0.24607934972371132
-0.04213600078332955,0.9396734677708889,0.06975085166082413,0.803968951216593,0.36136333193813314,-0.2552451513340027,0.08599753529182946
0.5699302469166775,0.0887356250086937,0.20922080279957872,-0.9014176409980489,-1.0,-0.6807363462234512,3.9738530949244266
-1.0,-0.3933622575549607,-0.4439874382420357,-1.0,-1.0,0.10719672336413544,-0.03211838086528945
0.3213953501282518,1.0,0.6796169446971332,0.788798800671834,-1.0,1.0,0.6336051549644913
0.7495891837405237,0.16739848933090395,0.4398481206372614,0.24355837677206493,0.31626687292378486,-0.39146192979922256,0.31476568635101887
1.0,0.32289936302022443,1.0,1.0,-1.0,-1.0,7.39485402865581
-0.001538978248069256,-0.8320473821965648,-0.533172091982135,-1.0,-0.07234826996209653,-1.0,3.8568809553936116
-0.22541897404217515,-0.26015765085055353,0.03041774252298357,1.0,-0.035837995445103576,-0.78739218328571,1.5935961277622623
-0.6945613087717024,-1.0,-0.07794529719380705,-0.7479542999746012,-1.0,-0.63814378591514,4.263776326586129
0.007574541278580593,-0.18193818378855708,1.0,6.50144625621539e-05,1.0,0.9840160969978415,-1.8690324214536587
0.9110130014773783,1.0,0.6177649807209815,0.9786018879254499,0.6082530517078896,-1.0,1.0672723707316496
-1.0,-0.11685824129171929,-1.0,-1.0,1.0,0.6918496539418937,3.422276052189547
-0.6881338089315039,0.16212478144711642,-0.2749070014675335,0.10313269176262158,-0.8996684434409412,-0.1864473273847197,-1.5066121191638704
-0.8634100411600847,-0.6510899856886105,-0.42425919972660353,-0.9710392900167618,0.35787526231086175,0.9449691425793878,0.8116082171493186
0.9708685064296882,1.0,0.7585989017904531,1.0,0.9624480695431946,-0.024650571651793407,-5.022706837646047
0.668864231743421,1.0,0.2391323551717489,0.045091572444856176,-0.21121355726893842,-1.0,2.674875388797584
-0.23379708944742572,-0.16052107450566988,1.0,1.0,1.0,0.8450162379757592,-0.18448277935552249
-1.0,0.48841662749536585,-0.5235305564649283,-0.13004395222197984,0.33069187627116126,0.679127694361376,2.6736032172924418
0.9296496715006788,0.9604830862654337,0.6023939013824686,1.0,0.35162898057323905,0.6840151708757121,-3.000284780144871
0.8662531850260331,0.04978354743631119,1.0,-0.5013076146728987,-1.0,-1.0,6.496196052026402
0.04779943704088441,0.7366423293772694,0.1782940548056806,0.7304080925149317,-0.5074111808838491,0.9496579144727726,1.963270810573233
-0.4265248595752055,-0.3758530964772333,-1.0,0.9158571242493403,0.38234988148297383,-1.0,2.315605219587618
-1.0,-0.9721015101394711,-0.0781196422787489,-1.0,-0.05699888292456945,0.19747033753854518,-2.531325487519775
0.3956911663334636,-0.3680422728543715,0.6744421812443984,0.16682110211702006,1.0,1.0,0.12372725800354867
-0.7911181717651646,0.2850931099051327,-0.9292627199754813,-1.0,-0.46271270104233964,-0.35610591219066057,-2.0198992477555056
0.3529116569616556,-0.4229425688403632,-0.6664804308021701,-0.29519918203706413,-1.0,-0.859102944183499,1.9217332970355865
-1.0,-1.0,-0.3968438497033776,-0.029446783388780373,-0.9205621040121065,0.31760691973274,-3.5685541444207867
1.0,-0.6520652236263851,0.72881256202487,-0.523660590727905,0.3969174714630137,-1.0,6.097160991195018
0.8136458364702499,0.3977510711558189,0.1747716489675379,-0.7642905813497651,-0.1270793108173237,1.0,3.467653362524631
0.6819313693899909,1.0,1.0,0.7851728664738256,1.0,1.0,-5.834863587343017
-0.5746418436712194,-1.0,0.9318843645374335,0.8827696103945577,-1.0,-1.0,1.8977925249354985
-0.2824465749815054,1.0,0.9057508986291097,-0.8088368434840152,1.0,1.0,1.005014676951602
0.41388574734616146,1.0,1.0,0.4528010310307031,-1.0,-0.17163007571915068,-1.2190393151350312
-0.40076049593767077,0.42370508608134627,0.044994164364858924,0.41298174534194376,0.40160499628981716,0.6474197769183393,1.3859732437135497
0.2065175111144355,-0.35974218836958466,1.0,1.0,-0.28395459021554914,-1.0,1.4252789817549003
0.25315007576457527,0.8589918836909577,1.0,0.23838111832945952,0.5154958558656277,0.3221427949220371,-1.5720426772602538
0.740647642544113,0.9191518576113673,-0.5639588314341328,0.8720523753793425,0.10630649614958654,0.8242168782142627,2.7410647819576193
0.8803026291943128,0.8123271734903077,1.0,0.8111043603086194,0.4864031020648103,1.0,-5.780016836545338
-1.0,-0.6671997386338131,-0.8968828140947414,-0.909489728274206,0.19826682011821462,-0.21392790328266426,-3.0073881864530008
0.9093723630767763,-0.07910549801787714,0.4701759109103402,0.4629224091823295,0.11329193160161388,-0.3270438246170515,1.5925849099548472
-1.0,-0.6341433071577567,-0.5963742309388056,-0.6209307041992691,-0.9906693299017193,-0.12757234365479908,-1.3754048865268818
1.0,-0.06987283296200575,0.15439162589007482,0.7070340311303063,1.0,1.0,0.4812678827617417
1.0,0.1467589410974014,1.0,1.0,0.4838131369237908,-0.17337625596521244,-3.12418055517171
-0.03942510833992041,0.24557100335021037,-0.18432278857887552,1.0,0.263676952988082,-0.28693881127382936,0.2801408546142682
-0.5108935523331517,-0.2314954430921341,-1.0,-0.05082907339587528,-0.014643462170933041,0.1368600886716443,0.5132513704584447
1.0,1.0,0.21562330244954464,0.8009629184441487,-1.0,-0.3352465127378972,5.023300911062387
1.0,1.0,-0.3698146659692832,0.8013965131460205,0.19953967315875243,-1.0,4.58479947627473
-1.0,-0.03612267062447372,-0.5282832303762881,-0.19094871856449358,-0.9666071237338176,-0.020301651924250264,-2.0866325129293677
1.0,0.12563130224913466,1.0,1.0,0.7914362520801795,0.6606148042496695,-6.147446927183357
0.32333629108547823,0.012418678181937204,0.8238725779275642,0.36295559649691134,0.3824222463233189,-0.20089937142226544,-0.15314426340897627
-0.1899455868298887,-0.14586143131301,-0.14744015111252917,-0.5361591539790325,0.7955476694639784,-0.42600441688052293,0.7818829383910046
-0.7960235499001832,1.0,0.4428620880630521,0.4012824815341253,0.9709438704667166,0.14546705089056777,0.5672544959647974
-0.7287674379397102,0.0947862691602992,-0.56744451265925,-0.8580424279774268,0.4606204994830446,0.5419809273659097,2.6624827046675845
-0.8188559040705439,-0.06021108318805046,-1.0,-0.3983153932921323,-1.0,-0.45903261896180125,-2.4160194871871297
-0.1419110318959762,0.3306519533798066,0.3545662740541186,1.0,-1.0,-0.4640623303287408,1.1846272495874168
-0.9028283691819616,-0.7852408652921734,-1.0,-0.5346222686147644,1.0,1.0,3.985559891424975
0.11095814721127573,1.0,0.8989523932523387,1.0,-0.4892284566012246,0.23583164517129385,-2.7803443403271912
-0.45317215513927556,-0.08841958511827375,-0.798847977100233,-0.08008513058413005,0.21979252056965715,-0.8770036669428773,3.1723910367266814
0.8550241644476844,0.18269571395777312,-1.0,0.15380426178857365,0.6228258014138157,0.5643389306181532,-1.3863053013268893
0.34166112381509933,-0.7615181139955591,-1.0,1.0,0.3379318735743213,0.7778367326251581,1.8141792677158775
-0.8421276316068663,0.12495289753193645,-0.4709569287075121,-0.7861316843853687,-0.18591911479685042,-1.0,1.9347529518185038
-0.8936967160787869,-0.9161165603430227,-0.8994173398896943,-0.9541824159750711,-0.6340358600726255,-0.00027649502581272856,-2.228321529344753
-0.5928785569155169,-0.47683677679266506,0.8369241931928103,0.13883839166789713,1.0,-0.6130178225784308,1.9635814077045435
0.02569875720285883,1.0,-1.0,0.8789804602033459,0.4145823240248385,-1.0,2.991390916906262
1.0,0.27514339107518226,1.0,0.6153948308175395,1.0,0.7800883386445534,-6.469466973716397
1.0,-0.23396427936274966,1.0,0.15830792058121257,-0.6064348004435014,0.07438194021392042,2.829631321815492
0.18220959585301014,0.6119167084234143,-0.15290006107871135,-0.38968759451828716,0.024335933810445853,0.6086744094148279,2.301872576387157
-1.0,-1.0,-0.5411571405341062,-0.8289444228627669,-0.8088369311620816,-0.1462337398091622,-1.3056527903110893
-0.7981243773481758,0.7208126361423726,0.5016790072415866,0.3964195736984221,-1.0,0.22686069251658814,-2.292816109408273
0.7898935464653604,-0.0277071929552572,0.6748196468870598,-0.48719771078136453,-0.13688132714079806,-0.6929423072177361,3.5512816245112147
1.0,-0.5356737545100294,1.0,-0.18821498648270552,-0.8324112429887878,-0.4727940911511086,6.613646475701995
-0.5855611835630686,-1.0,-1.0,0.1097348074721925,-1.0,-0.6611390642342438,-3.1369588010359566
0.0961834258720894,-1.0,0.4754842145150098,0.33645399989229513,-1.0,-0.16347864363444026,3.5724432024550077
-0.2714373462951643,-0.41432832478778675,-0.7867142568050516,0.2676497537023279,0.231009275526171,1.0,5.819003260881682
-1.0,0.8591696693294326,0.6709402420335084,0.4370681287599436,-0.40114244981118685,-0.641736387924962,-0.36343288948454533
0.10757006705810063,0.5096516672110026,-1.0,-1.0,-0.49130651691469496,-0.2848993769219036,-1.6586549679529476
-0.33481665026760643,-1.0,-0.3748566971962757,-0.008446074233052547,0.07146816837273662,-0.6654854226521576,0.5547209700749951
0.3232394503842957,-0.13718475263248345,-0.092425099660152,1.0,-0.17489910477838994,-1.0,3.473450960780217
1.0,1.0,1.0,1.0,1.0,-0.729672831587756,-5.849763999395422
-0.6732999476885341,0.9038224422094177,1.0,-0.7671680703747095,0.22985709247584618,0.4725833552004888,-3.1373087064497365
-1.0,-0.8129213907820398,0.2974851865471232,-0.21235001865728065,-1.0,-1.0,1.319663505101262
0.36967722479715887,0.4058441503600567,0.5429943104991231,-0.9013299500085593,0.06403695563872208,0.8028484575405513,1.821304422515392
-0.3466846526521776,-0.7892482981964554,-1.0,-0.7150053749557275,-1.0,-1.0,2.8601523395222124
-0.6497761654124325,-1.0,0.046868593058100316,-0.841998930599029,-1.0,1.0,3.5876362098560035
-1.0,0.4574749546466939,-0.4634468359077415,-0.3275319249430446,0.20977943196151316,-0.4896596590878109,0.39673666291605114
-0.7487189595685734,1.0,0.29183088276309743,-0.13970964856028634,0.08527790772129132,1.0,2.0692692885383854
0.3493638883222505,0.2838650359913067,-1.0,-0.5833657805073071,1.0,-0.0441351912493953,-0.8489365854118345
1.0,1.0,0.985161236161985,1.0,-0.01675498750812421,0.9674950562095643,-5.537948968069117
-0.7634200247573619,-1.0,-0.1911441125077371,-1.0,-0.37046744725999314,0.09186888777956857,-1.080771537090012
0.7532463736719422,0.2614994663571188,1.0,-0.34904481996571285,-0.5819969730471533,-0.13575509303882605,1.3622643715481284
-0.532701304693926,0.7694834727744542,-0.8502299256842116,-1.0,-1.0,-0.666869230934537,-0.6981358726194768
-0.37560941519226226,1.0,1.0,0.12477845706509583,-0.7674177742273052,0.6078294378796579,-3.1939637080776904
0.2959965995952087,0.22768625314262603,0.45448758222122704,0.3475619898023976,-0.11103374147871514,1.0,2.287718689781772
-0.20141837077204244,1.0,0.6136737945281496,1.0,-1.0,-0.6494852768658362,1.2413791131894913
-0.08682151241892999,-0.387384690851423,-1.0,-1.0,0.9522843512419051,0.10743744816306078,-0.6666991556492747
-0.8619652527379517,0.41551513798853723,1.0,-0.6189043792751534,0.4090373803628893,0.6698226389285893,-1.9895598358334674
-1.0,-0.4377763130618083,-1.0,-0.06404331573036132,0.6486428657323884,-0.07860724139131481,-2.0114931832195784
-0.6135876971245309,-0.5784515855444625,-1.0,-1.0,1.0,0.19490559259357715,-3.548236676946594
-0.15396121472750057,0.2119205304558564,-0.83814823501724,-0.8693629970353671,1.0,-0.5174734588803018,-0.5317572847325274
0.5509840616189079,1.0,1.0,0.15951401720658542,0.693593715870866,0.3715209844876892,-4.213312585018028
-1.0,-0.7855384900578651,0.46875970141014395,-0.981009836132289,0.0408534981581149,-0.9344456611596241,4.911876241102896
-1.0,0.49641519175216187,-0.5877422364067071,-1.0,-1.0,-1.0,-1.3831720640554608
0.6046695810298846,0.1941314871998867,0.5536353158849344,1.0,-0.18954158297142054,-0.23677596093305214,0.4230325974619644
-0.43374089380537084,-0.5746208145419921,-0.28075212492718965,-0.15404308002899114,0.44657427739859784,-0.9744917120862806,3.1851299803064452
1.0,0.6290395473922679,-0.4822299875122177,1.0,0.9249834086772739,-0.1219041065012138,-2.8776003090695013
0.711243605050279,-1.0,0.29122365230369607,-0.5904932138176417,-1.0,-0.579747302130305,9.323251532660427
-1.0,0.6666679940756913,-0.45313272068351473,-0.676032513721878,-0.766045920552158,-0.8428473760871791,-1.1537000594870543
0.6951747017298125,-1.0,-0.23167533618070024,-0.6940226472789812,1.0,0.6887585173215336,-3.606641008426579
1.0,1.0,1.0,1.0,-1.0,-0.8400604365038622,8.186516168405669
0.1015967064569483,0.31171539095988887,0.7871629523405821,0.559011292617049,0.8037097808329488,0.15348656219613233,-1.0412137657796436
1.0,0.32762103181014735,1.0,-0.23574186137303282,-1.0,-1.0,5.832878314437917
0.8725485213652179,-0.09271703607738857,0.3608178733674326,0.8625604918431947,-0.032429127689785286,0.6207729629403662,0.24958124130059128
1.0,-0.27438637313550546,0.1037223750556322,1.0,-0.48450071169229425,-1.0,7.033260819267497
0.5405212793484347,-1.0,-0.6394077668775471,0.18363780278415331,-1.0,-1.0,4.3357930638673166
-0.9775885905923583,0.1277913531704576,1.0,1.0,-0.5202619573024267,0.5622880586907578,-4.889048559329721
0.6720123820055954,0.5018918964392058,0.33799187970072664,1.0,0.3214561418673228,-1.0,3.3320236862291233
1.0,0.2011495578904401,1.0,0.7420727998108996,0.616475013128138,-0.36772844373708113,-1.809427676571665
-1.0,-1.0,0.6386103460073825,0.10378273681963401,-1.0,-0.36919291575192814,0.6009440573742284
-1.0,-0.8236302333644043,-1.0,-1.0,-1.0,0.42751311432156747,-1.8594367192616186
0.7606489535432885,1.0,0.8256758581117385,1.0,0.734062127439518,0.4933578900249729,-6.769938858950065
-0.5178785926937834,-0.12755587870288085,-0.04221569583905915,0.37181773254005257,-0.5536419693075919,-0.007878299823426749,-0.9551677938017255
-1.0,-0.9948740924786844,-0.594624809730534,-0.45418154454032367,0.5419216016818988,1.0,0.4341573516078695
-0.8509992386280387,-1.0,-0.11599181882423759,-1.0,0.39291071657599475,0.4384494848469591,-2.28623571462047
-1.0,-0.3624914790447802,-1.0,-1.0,1.0,1.0,7.055036159519709
-0.3852109743316604,-1.0,0.9011900714308418,-1.0,-0.11367885670356337,-1.0,6.811394009651107
-1.0,-0.18005218129532208,-0.5881063022890638,1.0,-0.6021964547206171,-1.0,0.7886440244095753
-0.34444264909547995,1.0,0.9679827973735609,-1.0,-0.31359930800048647,0.0016292819651709811,-3.7522554627264633
0.14111094795630263,0.7285946348960315,1.0,1.0,-0.2674021047600508,0.8314701476474698,-3.993795077004264
-0.6284340358255579,-1.0,0.9945768986494457,-0.7879543008737506,-1.0,-1.0,7.284796832759757
0.6119848948329626,1.0,-0.6530163453860273,-0.4776149985298801,1.0,1.0,7.732734448554307
0.7958763393577329,0.23414811865643637,0.535367845560405,-0.5773357530640821,-1.0,-1.0,4.959567623133285
-0.8886283934717005,-0.38241573817929586,-0.20936963291067223,-1.0,-0.9934339937287957,-1.0,1.4535571311004714
1.0,1.0,0.8838136201799567,0.5313719482740331,0.5438520105731709,-0.3479659037942203,-2.633343754546478
-1.0,-1.0,-0.3510189058443751,-1.0,0.3496502442478109,0.2780617598658133,-4.242486022588157
-0.8467073415482351,-0.0795931636626186,-1.0,-0.7020169466370967,-1.0,-0.5331420909424034,-1.120726652633977
0.10603142877327087,0.8786714323065239,0.02102415891806758,0.4276653562456557,1.0,0.6023817446630049,1.6577628600117764
0.6256364554475942,1.0,0.2599634449062873,1.0,-0.4773884213936856,0.2287597149630561,2.2288264726376736
0.7045342468347031,-0.5793505362046729,-0.5787343176690309,-0.4893532877163319,0.873491532565879,-0.18046043508452803,-2.2374211889129088
0.20133557746327635,-1.0,-0.5675203337816273,-0.45257705629128114,-0.9786906758989775,-1.0,4.062970765580251
-0.19116101418465803,-0.9961119928814738,-0.6345169258450587,-1.0,-0.25782098533487885,-0.5367492694242051,-1.0117919950326297
0.30358749253604556,-0.02614787927454526,-0.12441571298244636,0.8874843579712892,-1.0,-1.0,3.9921340557720706
-1.0,-0.3846610884837207,-0.026194194331256027,0.7214232861148155,0.12505511773083872,0.6272823154818363,0.1029177016601566
-0.9126944344551013,-0.8862594345600125,-0.2152464468577755,-0.4082350672028854,0.006352097384952571,-0.755977193676205,1.9545558426904923
-0.4118878234296317,0.5213419300971338,0.07156677342892515,-1.0,-0.5839658892293016,-1.0,0.27155845861063144
-0.00386117087331897,0.06775267120209838,-0.4306965161311427,-0.8100790747540475,-0.7890839594349477,-1.0,1.242920252110034
-1.0,-1.0,-1.0,-0.7239234536795145,-1.0,-0.4649283541659379,-2.05550315019076
-0.37161082910224497,-0.5115536857902253,0.1302223965007866,-0.5522080272762553,0.8163838805241712,0.977482949518921,2.167839813957505
-1.0,-1.0,-1.0,-0.5021528803211488,-0.3662342531156194,-0.6490247459292717,-1.950609243189398
-1.0,-0.9528050115913467,-1.0,-1.0,1.0,0.5798190582990511,-6.350924249090433
0.6216383568853984,-0.41094408206173405,1.0,1.0,-1.0,-1.0,4.630994020201478
0.05616739497101908,-1.0,0.5227178246007066,-0.16174426475198994,-1.0,-1.0,6.509791572369175
-1.0,-0.45505029234264927,-1.0,1.0,0.8232986183753965,0.4301460132069812,-0.19130480338232142
-1.0,-0.7559113448548272,1.0,1.0,-0.6535104772289804,-0.298852306483372,-1.6659693948160665
1.0,0.7658096742394198,0.5125875404209128,0.5536463578540038,-0.4992696919300422,-0.08590012213136555,1.2255098324553049
-1.0,0.9024815196386939,0.607005901919871,-1.0,0.45657818146566154,-1.0,-0.6285737503337514
-0.10805776485614416,-0.7070435738386649,-0.3346034731419101,-1.0,-0.2895214333233592,0.40316143547123934,-0.2925316121070461
0.9368883963748665,0.6532239822097691,0.10562744100833965,0.16480848210912613,-0.11750096396497384,1.0,2.8554360925262388
0.31082847949981307,0.8231796714383459,-0.026620620482765256,-0.7505083730656074,-0.2905734790793604,-0.08395557537708842,0.23486699362895808
-0.20171002298202778,-1.0,0.005024137622406721,-1.0,0.34237082458222545,-0.12883545799728513,-0.15162111953100876
-1.0,-0.12382644229499928,-1.0,-0.2927292550230008,-1.0,-0.9553834190523525,1.0689371241461005
-0.5648536598120651,-0.6717569264748926,0.8764768222076149,0.29575909301546466,-0.37351457579803016,-0.07996594993989059,-0.6367978575583829
0.47866467246471456,0.8452116381584585,0.4233872855001531,0.7338948996007456,1.0,-0.6753698248367781,-0.9559096209326556
0.12852845834971333,0.5620956880409593,0.861544474697794,-0.17624198294679688,0.36074105308384585,-0.007935099466175877,-1.265920922775016
1.0,0.23940564827529703,0.22876113239199503,0.5481112360661822,-0.2353623847482551,-1.0,6.024738949930631
-0.49705631400654177,-0.06285297225843633,0.214112754187257,-1.0,-0.5097413936037021,0.03035491039800986,-0.4420773424096887
0.8103698472564287,-0.4912036642405622,-1.0,-1.0,0.0857559208140615,-0.2690547406891213,-0.6416860176369132
-1.0,-1.0,-1.0,-0.24936759961766986,-0.42087278063520306,-0.6306913206181064,-1.6729339416219295
-0.11709504600922493,-0.7820826740872047,-0.9169631893516554,-0.24815003195082525,0.6417711230175641,-1.0,2.2026729744404654
0.8951249401784808,0.9833319181739046,0.16103233662537766,-0.0618340672978287,-0.7753748954727647,0.11853265877578495,1.9614977861649343
0.33347404065074265,0.7338417368017097,-0.6456774407023789,-0.027537111865132403,-0.13177387362895243,0.673394618235457,3.334951625149275
-0.900403552045065,-1.0,-0.36720789788349595,-1.0,-1.0,-0.691846409963481,3.3745003407398553
0.9783745030384876,1.0,0.4021272456528353,-0.14458556239893194,-1.0,0.498006327910096,3.0350618283570947
0.5489911314882829,1.0,1.0,1.0,-0.7371391243449608,-0.3666618342312398,1.2517322440855037
-0.9771295441536123,0.5479597779381943,0.5596088117470917,0.9911247000497664,-0.1673108290673717,-0.745171170270444,-0.6758586947602723
-1.0,-0.12261351652513641,0.24851557477880437,-0.4934631253210324,-0.49889541120574254,-0.5268775496861413,0.3610988205989795
1.0,-0.03586880885148391,1.0,1.0,1.0,-0.6117949037047058,-4.042453032364002
-0.8731678805638243,-1.0,-0.2860156437957371,-0.22441898172565988,-1.0,-0.1459128913158234,-1.973218360828838
0.7523645082432463,0.15024499363698468,1.0,0.5745648658024476,-0.16412704919668408,-0.31354735078892687,1.62428105177737
-0.30453522494455454,-0.04216286866526142,0.9524695354948851,0.1175857561300615,-0.9137168723648175,-1.0,0.14710032860960803
-0.7237808374000553,0.1267693802902543,0.5360718075847335,-0.7505238628872465,-1.0,-0.34917214420677234,-0.8012658453051534
1.0,0.1192658106165656,-0.40291404484176296,1.0,0.47926073450808526,0.023509055014617752,-1.4741539925116056
0.30930607647539854,0.6040580178639154,0.18878047179433755,1.0,-0.84731564380262,1.0,4.305276145630332
-0.13240523212539423,-0.09981320936119231,-1.0,0.05584436057864339,1.0,-0.23931004515775378,-1.6316901367060614
0.10255276395344337,0.42711596521829054,0.130702462553971,0.5550444037198572,-0.4346731088507716,-1.0,3.972487030444957
0.39710848115504427,-0.5273017394183985,-1.0,-1.0,-0.4700650934688844,1.0,4.973514890619144
-0.2256626466082805,0.014267802425846854,-1.0,-1.0,0.21112387097457586,0.40763347010023926,0.027055863738497554
1.0,-0.00894042769946568,0.348266850375904,0.3287899682562534,0.7025560774339674,0.8481402466699804,-1.1961722045254237
-0.15400206787105508,0.383981007029349,0.8556485314450006,-0.25671743507801015,-0.26036699844590605,-0.853796818025963,0.9485519188088546
0.9801228631416301,-1.0,0.11695663998963224,-0.30890933356110195,-1.0,-0.7081707803755919,8.902410712975144
-0.6710972105549877,-1.0,-0.9470430277361575,-1.0,-0.6319185666647682,-0.31757553015704043,-1.6228913769408504
0.28399770598424756,0.2602259265743506,0.20047897648192575,0.8290597543714,0.09045689134975404,0.698744027081416,1.5853259039838057
0.19509092080730728,-0.19893531918743226,0.18013729703859732,0.18558305357190316,-0.5538762385985636,0.21989528539300252,-0.14138032684318197
0.23427241065586135,-1.0,-1.0,-0.028114001010586642,1.0,-0.28125909776723335,-3.3821634212076503
-1.0,-0.8609441470781102,-1.0,-0.6412391311768594,0.342090011255203,1.0,1.9709159210331182
0.709638660430816,0.8725623353728094,1.0,0.4273030687586383,-0.3905910940852115,0.8996982079666425,-1.3859050003172007
-1.0,-1.0,-1.0,-0.8884004201708107,-0.1543613276173355,1.0,-0.6581058605790708
1.0,1.0,0.4203151263195596,0.8964812997544347,0.24406074153334545,-1.0,3.9506925541098297
0.5809930447820395,1.0,1.0,0.7408091716412062,1.0,0.427241930525627,-7.836332414403929
0.5988519202887741,-0.23738486877343049,1.0,-0.029101807052478,-1.0,-0.9414630337603452,4.6673329117902895
1.0,0.8420165499923804,-0.11341179882057828,-0.2129399830583469,-0.28958053572499476,0.4303658575433986,0.8080555035236279
-0.34550762868928425,-1.0,-0.34699419102121987,0.7313309336277253,-0.5527287699496024,-0.19909914580462018,-0.3523566342949688
-0.9282419894171126,-0.48400021052314735,-0.07577395218631477,-1.0,-0.6811835243732551,-0.7995157819274298,2.249367942031453
-1.0,-0.2838031968874871,-1.0,0.5129085958127293,-0.615724292346938,0.45899243933901324,-1.508731053848276
-0.25165378841583597,-0.01862973213869068,0.030087281626482026,-0.26468470178567155,-0.14969505549399642,1.0,1.732185041966972
0.35530995301047674,0.885116967403706,-0.6905867645531587,-0.5654647686577556,-0.6258240843999794,-0.1091227939768934,1.0573313317235908
-0.6684051564414214,0.182029224057272,-1.0,-0.9154417629761654,0.1899262068138423,0.1545567356364994,-0.24598717661830766
-0.7844456089495058,-0.995438400354423,-1.0,-1.0,1.0,-0.1258533789812888,-5.703992541582392
-0.6117371626534975,0.42604564843196396,-0.44873899636176406,-0.7273832716329262,1.0,0.8814848767405501,6.720831255799281
-0.41044860847441167,-0.8439255354623463,-1.0,-1.0,-0.3032172624709427,1.0,1.8006438245097711
-1.0,-0.6791914828740115,-0.2592852934023946,-0.6044250718562263,-0.7292509021353633,-0.2717586587125034,-0.11852483966142369
1.0,-0.5643665588757549,1.0,1.0,-0.7557865676334841,0.14700297529559703,3.623449087649631
-0.6493298333114148,-0.328890322017245,-0.6046773991249218,-0.3589682082174541,-0.7025252991179327,0.1651959712747062,-1.0266780757341347
-0.28922476542745096,1.0,-0.36215844579747614,0.7563232140854236,-1.0,-0.036452156524347856,0.24167992122603354
-0.3118111663080272,-0.6580431060103238,-1.0,-1.0,0.23148119851124335,-0.23819429809286535,-2.9404214329101537
1.0,1.0,1.0,0.5850404663576056,0.8388101091533363,0.2640256426525506,-6.795468254163575
0.9965728253643138,1.0,1.0,1.0,-0.9131379633152079,-1.0,8.346732957681088
0.4111402292781342,0.3651516504862866,1.0,1.0,-1.0,0.25096487565274317,-0.032840548941589054
1.0,-0.3468970289317986,-0.5924411653199984,1.0,1.0,0.6273502194178077,-1.7724845825487463
-1.0,-1.0,-0.10393512621703638,-0.7490437821284478,-0.47031149129015015,0.538369377074859,-3.451585053496094
0.36685349604643736,1.0,0.34222141006440165,1.0,-0.2854140529491344,-0.1381355658161969,1.1216620004428064
-0.18652672401262183,-0.9177088305464369,-0.642838218352898,-1.0,0.30049491906359016,0.5723967464905289,-2.454321989301924
0.6819314082478409,0.49638063194357673,0.29906710072124953,0.29167562348826614,-0.6690591692128148,-0.2986089164207857,2.440419929744108
-0.21310829530581138,0.30219758359531546,-0.3214917714971752,-0.3193121140533929,0.1656131753612543,-0.04080782262090385,0.4640788222728404
-1.0,-0.5131791146641616,0.10816381262821495,-1.0,-0.7920946120877403,-0.853375344407981,2.004132516253609
0.14958659243675204,0.8993020806528226,0.4438509695599261,-0.0814826655956154,0.3887878325886991,0.6643886890686599,1.1237291654022028
0.30373905996717676,1.0,-0.2256877290729264,1.0,-1.0,-0.2711980676941319,3.962803589486176
-0.4880391256439083,0.2921933867846848,-1.0,0.4998351763507922,-0.24312158445908005,0.10176956903751269,-0.02918158035431606
-0.16019639101797833,1.0,0.7045695907486057,-0.21861025164382714,1.0,0.8705825786963963,1.6373220952872665
0.2722454732421827,0.9046355571616949,-0.288271559233105,1.0,-0.9536080818889658,-0.8251038150034394,4.958259488803641
-0.015778005382096005,-0.6591867474012096,-0.8819408020833451,-0.6088462100416807,-0.16425399788139408,-1.0,4.031932026440724
-0.6206367125824152,0.07023083243058184,0.4013539310826384,-0.5943109437229129,-1.0,-0.3846378216029027,-2.0016419322143646
1.0,0.19143444271280474,1.0,1.0,-0.4914456650756171,-1.0,5.963941307449626
1.0,0.7496522506317311,0.12772252395313055,1.0,1.0,0.18775007367153462,-2.486921541439913
0.31568008082322824,-1.0,0.1526460716882104,-0.2680734537231003,-0.37006239816301245,0.8508542390511363,1.506059756274081
0.8849089881127996,0.5398626190805486,1.0,1.0,-1.0,-0.628487221643105,5.618645624686599
-0.5903601626693805,-0.11702899980355552,0.21640559632453682,-0.8963187080057471,0.7838386070061465,0.07267271605433123,2.056198777797979
-1.0,-1.0,0.48688573094729404,-0.6570388592815645,-0.23352410446462324,-0.7192429783839167,4.270741305094934
0.8087711423484745,-0.7326574944040622,-1.0,-1.0,0.5278445218481187,0.7826737853306961,-2.826534081940705
-0.10694861809529455,-0.18569908496789234,0.8542191850366472,-1.0,0.4200914688742815,0.7087079840931452,-1.6924745445880298
-1.0,-1.0,-0.36162828182123463,-1.0,-0.8993732285331362,-0.8788704203526617,4.5809844609733394
0.8205459214356715,0.1392343222515619,1.0,-0.052211856576028004,-0.7404292554925536,-0.3954386806371924,3.5309879654586047
0.37799349281792133,0.5251773730631784,0.8462396440168936,0.2175455565761386,-0.5393731049378485,-1.0,3.873755266734387
0.337372107074293,0.5355690805835359,0.3947638596734364,-1.0,0.8016740897871062,-0.27520198375969634,-0.12694539880735128
1.0,1.0,0.30221629819141893,0.6029645376342518,0.24227096286501193,-0.799399762296029,1.585786262925947
-0.6377750814349552,-0.5394854577953472,-1.0,-1.0,-0.048795432291812935,-0.07180976045120224,-3.304220771766062
0.2663692614462724,0.20258967352505874,0.02541077495705457,-0.2655539972120521,0.06189382626941731,-0.4706000241754247,0.617142502840023
0.5460193928846214,0.31073211594021416,0.23334979598518735,-0.20071327631581667,-0.04897578797148183,0.030504221614660043,0.5149590873773482
0.011884173553098787,-0.7404299009922191,-1.0,-1.0,-0.38854903872531477,-0.19882349202738142,-1.1033394906520368
-1.0,-1.0,-0.529772478977174,-1.0,-0.4340527845576427,0.912646162171307,-2.9408944079741683
-0.7472791125399999,-0.9269023713665003,-1.0,0.023411317727193702,-0.7615195181119442,-0.2599361170044716,-4.611908108617183
-0.03884240954817679,-0.19758607550955842,-1.0,0.44248887507635665,-1.0,-0.032959561669808846,-0.8027826395260786
1.0,-1.0,-1.0,-0.5951556901064577,-0.4691847616325644,-0.16809324791730912,2.9358080380366918
0.7422874318188006,0.10664538977332866,-0.12396762748716655,0.089078222815556,0.6678168950858546,0.6561049080451209,0.19178542193341563
0.20365534668405716,0.5296545288927098,0.03553494167002305,0.18696996274015154,0.5404697797376363,-0.4477391312380846,0.12791874563292782
-0.7355886062954056,-1.0,-0.6513402694679193,-1.0,-1.0,-1.0,4.929254650304256
0.26960915291256893,-0.5495123201382193,0.2853731612753837,0.9493324027683326,-0.18360439338997395,1.0,2.833298913636251
-0.005951403116762011,-0.6264686449366896,-0.6271388939231636,0.9733273846924568,-1.0,-0.27110263721222694,-0.5471260321996654
0.5134775190398172,-1.0,-0.5860792121368193,-1.0,-0.10028860651054813,-0.17059195172022162,-0.5437080096856067
-0.5517937100187233,-0.40795248487011165,-0.6568011445504217,0.6163936466890735,-0.008039470735198222,0.7259823957306262,1.4612222929946608
1.0,0.6566749792655577,0.05365262719184649,1.0,1.0,-1.0,1.32934343494055
-1.0,-1.0,-1.0,-1.0,0.7016853564893881,0.9635379381879488,-2.7271514559361583
0.13253682795796173,1.0,0.909756205679443,1.0,0.4208193957001835,-0.016908174868230652,-5.133604493888856
1.0,0.33336068243009676,0.8448453268598347,1.0,-0.30317463280837786,0.38202209545175503,-0.057675252493708584
0.6026095912306074,-0.5419604034775457,-1.0,0.11773817593688074,-1.0,-1.0,4.156303258492997
-0.6510262443909562,-1.0,-0.8536639500193787,-0.4781847726844828,1.0,1.0,2.9225387573598787
0.35167050192075205,-1.0,-1.0,0.48896894554015646,-0.4448667378194118,0.15338162735483696,-1.5953852117812706
-1.0,-1.0,-1.0,-1.0,0.3144606408432694,0.5967363715615152,-5.410033050161934
-0.8867581925810388,-0.10640697218678641,0.4205773705511354,1.0,1.0,0.2748268521274758,2.110109987202768
1.0,0.8228491318182944,-0.71406780329399,0.5805690376048804,-1.0,-0.9149404927747482,7.0441899492965945
-0.785909866556793,0.04785351284805184,0.4516765752198166,1.0,-0.6492059344465813,-1.0,2.0493224152876803
-0.007725989519898113,-0.4784159121137515,-0.9224601314095171,-1.0,0.5448175984602357,1.0,2.5027928097682937
0.9594080435209837,0.9302085757058915,0.6955332540658019,0.28815724039590374,1.0,-0.3153345741869991,-4.2556765005119175
-0.4127440424225366,0.0065882338064987556,-0.05106569593156801,0.9825780448581839,-0.38180719826866216,0.8246242317555288,0.5238710714287818
0.5564459071016894,0.3419768126996907,1.0,0.3838194766402643,0.6824569808869473,1.0,-2.5755006217880707
-0.9127828700724553,0.08047077548396489,-0.7999453547915025,0.7280620204676509,0.7319417276451594,1.0,8.163082580683675
0.7249120832060176,0.9894014146419455,0.2040977266147469,-0.3995599091912994,-1.0,0.08218682375421466,3.618004561219423
-0.14500901669143773,-0.17245255162222317,-1.0,0.5590160393130725,-0.4086507941398193,-0.9876233311021596,2.1326977622309835
-0.4459899342446867,-0.6367498278562427,0.45466157700543214,1.0,-0.16075488375602665,-0.39429716172047713,0.4600781691722222
0.05416986190689754,0.1320048040748548,1.0,1.0,0.25534830838602063,0.3108531554931443,-1.7191184396153638
-1.0,-1.0,-0.004351790099404118,-1.0,-1.0,-0.9524831889711166,6.420656087650561
0.7309569750440909,0.33935028447046733,1.0,1.0,-0.6028881200358549,-0.5481035292023133,2.848461412577264
-0.8716350791836021,-0.3471827758763407,0.5860435407912975,0.9860930403451199,0.8347600014664976,-1.0,3.4096864588696483
0.05939688372870594,-0.5712861692592484,0.9644490658422029,-0.6618774958466807,1.0,0.8665763103706587,-3.5573635116253484
-1.0,-0.8597449511357235,0.6817085820207157,-0.4959750757163106,-0.029784296219321882,-0.18168666643388434,0.5160281502184328
1.0,1.0,0.9090726416819566,-0.16443079169964037,-1.0,-1.0,4.680740815001235
-0.3100303801231855,-0.6826084404529972,-0.8659645810960903,-0.9740328995063041,0.1790501756589033,1.0,2.29160208484661
0.9341697272245794,-1.0,-0.25562497628977243,-0.8325687412083993,0.4449171668816643,1.0,-2.024004995905007
-0.5131761947419107,-1.0,-0.874170076093715,-1.0,-0.05083236708470151,-1.0,2.2483181761928916
-1.0,-0.5528220944019289,-0.4071171449150648,0.1770863304984165,0.6518483234266331,0.20330796215538965,1.4826329348043543
-0.29283007944957873,-0.03191087790155034,-0.1886698882960625,-0.5096132664519322,-1.0,-0.7561630494651774,0.057430453426292334
0.38263314752942446,1.0,1.0,1.0,-0.4606220788824275,0.2097606715048581,-2.342250416351026
1.0,1.0,1.0,-0.6527960975007127,1.0,-1.0,-4.4231934917502045
0.9714840453184765,-0.9617803021553701,-0.932932526182636,1.0,-1.0,0.49352946422617106,6.48150969030986
0.049670876322493174,-0.5718524686266784,1.0,-0.850654764561882,-0.7778467446753147,-1.0,3.975463628237462
-0.5835954873951563,-0.4995987334320588,-0.8556271292954883,0.7874349519107829,-0.23122669074071467,-0.4977839820215233,-0.816946268915621
0.08863423309498308,1.0,0.95433354939541,1.0,1.0,0.9379195633754545,-6.278942253339874
-1.0,-0.10576560382156626,0.29543204558276204,-0.15197733024126237,0.6601190926551461,-0.8367718395076476,4.808044290600939
0.5271301710644956,0.3200216753707932,1.0,0.6802507205990902,-0.060491985972855766,0.24940839272488924,-1.6392703006976932
-1.0,-0.27162139890901416,-0.21966616342430456,0.30131146085408733,-0.05142159984650507,0.6185325066204197,-0.6252756855340912
1.0,-0.19612739576791083,0.47277398423478906,1.0,-1.0,-0.8388912153423655,7.957588732900404
-0.8803706052819517,-1.0,0.6205026679427778,-0.1055540964968052,-1.0,-0.4981654192577807,2.5457096770061654
0.16224731424994232,0.030934649132717984,1.0,-0.36114838374659386,-0.8615976026034498,-0.8991312160755187,1.3414354466735368
-1.0,0.43415506018609895,-0.5502366974814074,0.288123590007887,1.0,-0.2320306690501566,2.6722655726387283
-1.0,-1.0,-0.3263476031336977,-0.22308930833711527,0.07528461740504522,-0.8855435482035093,3.3896159863418034
-0.2153169422372071,0.22087127140011342,0.32784924263986603,-0.6403358861760421,-0.10956947081597534,-0.7054517378789285,1.216432713954451
-1.0,-0.04444988959518664,-0.9547664411834987,-0.5626680647670552,1.0,0.29752904991309537,-0.4901716459114474
-0.39691031382931447,1.0,0.2764413713905609,-0.3609357109692629,0.17973411447160315,1.0,2.5161157984857807
0.07911514902125305,-0.10615950525591447,-1.0,-0.3622644410169762,-0.21100152455548304,0.2419454657596958,0.50127650007111
-0.48838273910294494,0.8234036292439844,-1.0,-0.9834669487390372,-0.969775084688814,-0.4268754893143415,0.19201720345815082
-0.34494891671506134,1.0,0.2997921256928179,0.7163173026390789,-1.0,-0.5257346925928879,0.11823135566517891
-1.0,-0.8478617917272675,-1.0,-0.7435241502540888,0.8128646852545578,1.0,2.066219269415729
-0.0013449905746851787,-0.8321680949996522,-0.3713266884887133,-0.7388839527679807,0.5687774699418069,-0.2630773549805471,0.4046655740390134
-0.12052680715952907,0.20532864325339262,-0.46196156802903254,0.3706197037010777,-0.6276265194486862,-0.566221725013004,-0.2813973457712705
0.12159200435649731,-0.49499753371662364,-0.4074229916024689,0.8496577502102105,1.0,1.0,4.738742464978369
0.9462095731748388,0.7543004444064407,1.0,0.562260737693469,-0.28040715503770963,-1.0,3.5132200590364606
1.0,0.24934164581173368,1.0,0.6489014551988532,1.0,1.0,-6.453869658393669
-1.0,-1.0,-1.0,-0.5383551255909893,-1.0,-0.44827264951210744,-3.936515451552276
-0.7735750888806168,-1.0,-1.0,0.21370395469191505,-1.0,0.8711377126361954,-0.3275436448958062
1.0,1.0,1.0,1.0,0.5595036557297013,0.8461038959260665,-8.651981212569671
0.6820490740559848,-0.33773352080024255,1.0,0.39334405818234736,0.8295498650780888,-1.0,-1.7311022459390435
-0.019581040308320974,-1.0,-0.7422166338520961,-1.0,-0.5360150161855248,-0.6853776583419458,2.6881667168750814
-0.6902856817766423,-0.4111551405518986,-1.0,-1.0,0.43326576488208957,0.6670326969909042,0.7496599440495192
0.7855480831106325,0.7787736302047614,0.3459808087771681,0.7147793221497707,0.22331592139044826,0.28702176506302113,-0.9673396398566257
-0.8708525810423023,0.17294017230166436,-1.0,-1.0,-0.8397010479087165,-0.22857880571838882,-2.196245374624667
-0.24563889207711964,0.4289589817816114,-0.2856777936597024,-0.6909818927052198,1.0,1.0,6.6621216186818035
0.8582561531440374,1.0,-0.06516556990122846,0.37468800971880284,-1.0,0.24647685240432793,1.7045021213660638
1.0,0.14772696111257394,1.0,-0.18472730542218724,-0.36525637630831986,1.0,0.035689166255839386
-0.7334325188515376,-0.8445222346340868,-0.3400964855794304,-0.48912642728206546,0.7193102029370718,-0.35069454773378655,1.7928011358376312
0.5732943424133884,-0.5903681376238177,-0.2223658767110792,-0.5854651522147731,-1.0,0.6548301900559497,3.9851455507916036
-0.42646974572880025,-1.0,-1.0,-1.0,0.07706034171659205,-0.6158923336958155,-3.029386017766943
-0.13876551336801385,-0.2604438331503729,-0.5136420664417198,0.7516564823179493,-0.8371720587279936,1.0,3.838640341696323
0.07393419445820054,0.2560964615788335,1.0,0.30107768821776015,0.18567273866340184,-0.14062134487616748,-0.850384773180408
-0.6185808330879744,0.6212967662580937,0.28730254588142257,0.9706868325928266,1.0,-1.0,2.8591083085414817
-1.0,-1.0,-0.22171455991169997,-1.0,-0.7510215305140967,0.7359837208519986,-1.720795436739056
-0.8920810989463086,-0.17726513117437404,-0.042692968719637736,-0.28833149464554725,-1.0,-0.19892656588548052,-2.2743781999474963
0.17000862148245205,0.18489658178013402,0.12069466697704556,1.0,-0.6000688628026699,-1.0,4.50951327114468
-0.05303823347584802,-0.24793339350691723,-1.0,-1.0,1.0,1.0,5.652264685949262
-0.47526925166972767,-1.0,-1.0,-0.3911566347434603,1.0,0.20499406921462526,-3.8399476100315484
0.6843655040566224,0.08866319611560043,-0.12011697377190733,-0.2515704467513771,-1.0,-1.0,5.253263114873592
-1.0,-0.9058573384427204,-0.00726231309923836,-0.41397630298161225,-1.0,-0.5148677441041285,1.4893855753398628
-0.04002924024058996,-1.0,-0.10365062297517008,-1.0,-1.0,-0.7023859232578566,7.899910519715043
-1.0,-1.0,-0.5485727289090856,-1.0,0.11449791450773394,0.7339644471246405,-4.16293895630219
-0.05830835412565544,1.0,0.8541231561876532,1.0,-0.5854880780516787,-0.5997984251488722,-0.2140882098657848
0.4023042832987427,0.10554717135491254,1.0,0.78773558890108,1.0,-1.0,-2.106188102719203
-0.8966066094698851,0.7279876643523295,-0.8039472687335146,-1.0,0.3467420204022331,-1.0,3.43248704388996
-1.0,-0.3586049626039564,-1.0,-1.0,1.0,1.0,5.575770124892475
-0.20220330714109724,0.162883017999647,0.3059763365372555,1.0,0.7479736023988703,1.0,3.325733318171653
1.0,0.33922894800008274,1.0,1.0,0.6174747680937577,1.0,-5.546881692909625
0.06537058476408897,0.20015003531943687,-0.6933865285104706,-0.533659296549586,0.002302688558908361,-0.5193547511567529,-0.11417698631230225
-0.8657787730151769,-0.8402787809147283,-1.0,-0.11923460847154521,-1.0,-1.0,1.174916326587368
-0.33039319609523354,-0.584416176980203,-1.0,-0.8030684912078455,-1.0,-1.0,2.2029591068905576
1.0,-0.35592907954794795,0.8094106865250297,0.37015473081213934,-0.0054982752314762795,-0.5749422342620577,2.39476405290529
0.2990359185211647,0.7229120710307718,-0.6989790334108753,0.7402818488336851,-0.3066630168027671,-1.0,3.9136511118285724
-1.0,-1.0,-0.661722695964837,-1.0,-1.0,-1.0,5.232022337067095
-1.0,-1.0,-0.4176457523453334,-0.21022203018425523,0.33399767939185776,-0.4617153872839691,1.0071565601321428
-0.055721261832235885,-0.9469947173648247,0.34429751953169524,0.5633607780667924,-0.07319077746361757,-0.2881700480672247,0.09042923140492132
-0.48104872092993467,-0.1989216528093899,-1.0,-0.5301296094150809,1.0,1.0,6.896720043707096
0.48410177851093317,0.7152904776452171,1.0,0.14730514458494892,1.0,0.08256171495900189,-2.619555785525863
-1.0,-1.0,0.9311963740176672,-1.0,-0.748295149000597,-0.8415820694236777,6.063889604875796
-1.0,-1.0,-0.10769348635526388,-1.0,0.1604329412411417,0.5139357701095347,-3.4911875275458324
-0.46379883799060617,-0.7198926454411191,-0.7990006339716604,0.1267278415449143,0.5739821832434274,-0.11843168578415988,-0.13753957552051954
1.0,1.0,1.0,1.0,0.9874381607540218,0.017959899605476837,-8.536572352033204
-0.12227901405111097,-0.3839600043393515,-1.0,1.0,-1.0,-0.13102177231074874,-3.0211136144741073
0.8221352416946656,1.0,1.0,-0.0886069159994087,0.24127725307285175,0.03090169565118761,-3.4673166338838843
-1.0,-0.9116143704148122,-1.0,-0.11505011806198406,-1.0,-1.0,0.4847630634433267
0.05619794316356086,-0.004389601397284171,0.7404162610723861,1.0,-0.9924484961842275,1.0,0.4097512317840029
1.0,1.0,1.0,-0.29744001834664335,0.3655336087163056,-0.8899738298970773,-1.92734280076967
-0.12894912811009296,-0.1644668372029704,-1.0,-0.2671598221580503,-0.1505723253310426,-0.525747954885884,0.4668629453992936
0.03705807295233787,-1.0,-0.3034242788528719,1.0,0.6120435159910613,-1.0,-1.9192652083198074
0.7111211072946724,0.7505136777045247,0.7928408835051197,0.3286096006628024,-0.5783673738196697,-1.0,4.108918044679394
-1.0,-0.17110369966908245,-0.1319681574336219,-1.0,-0.7266290512272657,-1.0,0.9161183068517873
0.0928606103550183,-0.38746536154249434,0.7173395543985969,0.27464257334785935,1.0,-1.0,1.1501746758190463
-1.0,-1.0,-1.0,-1.0,0.3423956543737725,-1.0,2.4051218912627794
0.04599156394335102,0.7414126840359785,0.6478109372668517,1.0,1.0,-0.04898375420020784,-0.865184292279743
-1.0,-0.7443532378592693,-0.19201480707615215,-0.6000042155416793,-0.9759725758195001,-0.47793718477072056,-0.33596045967661414
-0.10748909025861353,0.443148130676555,-0.37379457390146686,0.48904321952646435,0.9605947181748569,0.765364929259235,3.4063182374686103
-0.8989547943796518,-0.000851594369080777,-1.0,0.18372232367217045,-0.993599450152225,-0.8738236414591378,0.19964035052167411
0.8383541624324948,0.4190738799436067,-0.3867512673143232,0.27909352266288434,0.8692131023531846,1.0,1.9944584968392303
-1.0,-0.3904835800368336,-0.2143713655060413,-0.7321466847506581,0.04239023044219828,-0.009146076146691384,-0.7678580339330412
0.5059982433406498,1.0,0.4802051673425687,1.0,-1.0,-0.417658794558437,2.7646274228009853
-1.0,0.14846429193699784,-1.0,-1.0,0.16669270609918524,-0.7569083880205266,1.802247438745528
0.6010504057632912,1.0,-1.0,1.0,0.22782928242167344,0.20703236497469968,0.18745535856517898
0.623582248551539,-0.4087676839726695,-0.021603647100149947,0.3659519306930231,-0.4684893059892754,0.4498267500942793,0.7731305908117405
0.2060529341699983,-0.9796720663220444,0.30324243780313775,1.0,1.0,0.9366311921692776,3.1747073854426224
-0.6488698346776911,-0.9311829155237248,-0.2169162863269143,-0.9937920073172337,1.0,0.0008935097849160911,2.9196411757623224
-0.3271425668045109,0.8653781871400358,-1.0,-0.4211967795370033,0.20441021305068463,0.2773306237374671,2.9282971679739225
-1.0,-0.8064847410011049,-1.0,-0.7396901448784468,1.0,1.0,3.22859500125583
-0.49212550408062616,-0.7128827542652363,-0.7284913106280542,0.47639142026894343,-0.14446934106113263,0.5123807040324647,-0.04082344433781393
-0.5348243739661612,-0.6051416921567163,0.5518520543845019,-0.3620114054299199,-0.3489221352234945,-0.3821532333615434,0.34785088103030004
1.0,-0.4863177488122516,1.0,1.0,-0.1202618902088245,0.3528143574135083,-0.4627592427738749
0.19335689467541511,0.45374147197638204,1.0,-1.0,-0.8821531754064588,1.0,1.450557163125226
-0.21163434007559867,-0.25056698036784497,-1.0,-1.0,-1.0,-0.11502240636188343,0.16170090120214364
1.0,0.669648390816807,-0.3636436405134661,0.8981220486003647,0.42581508019795733,0.5227882472637306,-0.43690561928302535
0.2651317355647815,-1.0,0.13981177379435827,-0.954835209682877,1.0,0.8676760081678325,-0.623279227941874
-0.47613454779499154,-0.5029012307963223,-0.13214158804713327,-1.0,0.501706137698519,0.09667196105753217,1.2396190770362145
-0.09796458326660529,0.23761125450857856,0.4427906227135878,-1.0,-1.0,-1.0,2.1237870403782426
-0.5540847714722259,-0.4446457717209028,-1.0,-0.529225916056873,-0.1759049389525823,-0.3657658763150477,-0.5934571948889938
-0.30956720793059456,1.0,0.804200478240158,0.5260262104264055,-0.056433336910421794,-0.422392512035477,-0.8290542395705512
1.0,0.5984839623062603,1.0,1.0,0.40832512014527267,1.0,-5.72775767599114
1.0,1.0,0.3344288793563034,1.0,-0.7984084398679937,-0.29903940650316224,4.519168317348674
0.18189066049677263,0.6045355936720039,-0.46156453259983743,0.19226981564839418,-0.04072224002868041,-0.7907697515979287,-0.0079896661048241
0.5264973675166114,-0.8993866353368007,-0.04818335063452836,-1.0,0.37341454846821287,1.0,-0.42574675707901133
-0.2489151860491463,-1.0,0.5046558953512184,-0.40927905095439804,0.33392705336779027,1.0,0.7294441100195246
0.43403301620232027,1.0,0.8625062175720994,0.6831344202510081,0.16091927296635447,0.13890399785473947,-3.0024570411871117
0.9302093761321296,0.21016638932105558,-0.7698562641503941,1.0,1.0,1.0,0.8366611007541442
0.5572638573975764,-0.8775078730896159,-0.27005278698691026,-0.6870412365517365,-0.5373499280568834,-0.3782378280523386,1.9499045439618679
0.1584849456173233,0.36582774928366146,-0.9463877264007038,-1.0,0.42639514970925796,0.4233235004734609,1.7586216212912322
0.4902426273346445,0.917211752635205,0.8073643883859786,0.016295901657847667,-0.8557146138822399,0.26395979189120955,-0.6017129755804836
-0.9386750044728795,0.012577692346588343,-0.9589444775510734,-0.18099478106025269,-0.624628712501673,-1.0,4.61018200200963
-0.9436703254641221,-1.0,-1.0,-0.3638666555459724,0.34606889006571223,-0.07013976675729805,-4.271202062598325
-1.0,-0.3432885465485106,-0.45939659215606526,-0.07198669094735087,0.7249265639769281,0.9799244359319985,4.594891468367609
0.7227814283034789,1.0,-0.44236672148942524,0.26612360200761503,1.0,-0.11385777194832403,-0.041565746982827625
-0.13306049720334312,0.4732597622187755,-0.33405819980840945,-0.2025739320629673,-0.4660184704804891,-0.29977050933141836,0.5909739545770021
-1.0,0.09225292431093046,-0.8910740802364792,-1.0,0.30254009152075195,0.9867601655038117,5.099108343107675
0.11824075815994117,1.0,1.0,0.5504366971055434,0.583287146230147,0.7158443966470346,-4.655005882586526
-0.8011322601804876,0.100398033413857,0.6688784209260565,-0.61308537507981,0.4864184375833869,0.19164980933809983,0.45226584060098685
-0.004349836557824283,-0.7090991379248233,-1.0,-1.0,-0.35639753273904407,-1.0,3.2494887963999863
0.5042631272491852,0.39874734936599576,0.15078968085225297,-0.010100866817460342,1.0,-0.36588955080054064,-0.581116759839775
0.30375811023646043,0.829138152618428,-0.5601924274093825,-1.0,-1.0,0.909644422082948,11.622748480184848
-0.1397380126612744,-0.608750438050949,-0.2480249647051126,-0.7128921539112786,1.0,0.029836752674981953,0.35113501538437486
-1.0,-0.5359347206952751,-0.735919955295065,-0.24218252359020875,-1.0,0.9027806174444668,0.9834262049712763
0.663980422181636,-0.22539205465810364,0.8064126280619932,0.25201767070222886,1.0,0.10424204489226452,-3.2868886494094856
-0.04513654459845862,1.0,0.6325845050824712,0.8695669478873909,-0.5928532970410645,0.737610550735658,-2.077471686973805
-1.0,-0.8886064290463239,-0.5535935338966135,0.03977707095001681,1.0,0.38200736015028314,0.8307263608025294
-1.0,-0.26903806955259113,-0.7571123456921549,-0.5380917153633533,0.5986863035949195,1.0,5.701303501415752
-0.48497993431139874,-0.4255782374393471,-1.0,-0.26403254404560306,0.6722731671845104,-0.6636189069639042,1.1951236324097991
-1.0,-0.5983449906762766,-0.3976444910210202,-0.1822060074508799,-1.0,0.30512883550193604,-3.472786138186445
0.020124671187338572,0.34939501463049893,0.03340663636006247,-0.08149716892846293,-0.011544013417505494,0.17547403220798408,-0.6344316509360335
-1.0,-0.9630660300961981,-0.5203242835647772,-0.03508573076510901,0.4194717777248673,-0.6249359813775306,1.1551254705922764
0.3238510327306438,-0.23689083649785636,-0.10966526154134681,0.8586850122291865,0.3862848302039623,0.6937808911496886,1.0115614670372008
0.3595986026831865,-0.8824332941878378,0.15356508447412254,0.8490452896311141,-0.8551239943199049,0.9583025008004707,6.372335137265617
0.2813060719660929,0.19603206807706214,0.7840841600144565,1.0,1.0,1.0,0.8766822046532118
0.4505981929581524,-0.16067152627627457,0.2730754236460898,-0.10443913302943675,-1.0,-0.16633401444416862,1.3208563022355155
-0.4576738685933613,1.0,-0.2650926248942355,0.784403798162173,0.2692737329851511,-1.0,2.073528993671527
-0.7960669154089338,-0.6372955527626094,-0.5857893138383068,-0.0004997999166280742,1.0,0.5905534372843515,2.0602171802385265
0.5597543823250881,0.7369378783579795,-0.6460377726095845,0.11622340595131136,1.0,0.1115281504859198,0.15556688388702877
0.5449666936391822,0.2077013585283401,1.0,1.0,-0.12817317389571636,0.016069725337622215,-0.7143379043661064
0.3824447749666952,-0.9497001768047463,0.8565102182391809,1.0,-0.06886643626877109,-0.07196082165143858,2.309640947049255
0.2537610168235185,-0.027473771365024158,1.0,1.0,1.0,1.0,-1.5220687377727458
-0.7237460615195094,-0.7657055866449802,1.0,-0.8123124344046481,-0.6194247606873915,0.32275638900380993,-1.5032007073835543
1.0,1.0,0.04946399879650909,1.0,0.19234010675693103,-0.7882621387418277,3.329906323618656
0.22283962047073014,-0.7932798230837055,0.5214884068367345,-1.0,0.2329736844046082,1.0,-0.6684500834447897
-0.44052874439613376,-0.1977332009304238,0.12176343555808844,-1.0,0.6882345883361928,0.6015848685106042,2.4942767786323263
0.6102303381314766,0.12206442035263931,1.0,1.0,0.9509634727588081,0.20652268883467995,-4.18507495759998
0.15692232474317486,-0.39332102882772857,-0.21200782230170634,-0.23614860686545416,0.5069021919283457,-0.29368805387361374,-0.26985322390626776
0.215846218839848,-0.9398461216836679,-0.519968363455287,0.3448641852709748,-0.4620981073605386,1.0,2.792765773019683
0.07078422704800608,0.2341889465696272,0.5051056349242239,1.0,0.16218143021632717,-1.0,2.7710063567665086
1.0,0.3163931340232413,0.41199870973429464,-0.6025431144818869,1.0,1.0,-0.5494996351512289
-0.0086692933366113,0.16025458544158777,-0.5587232321007506,-0.23763055708158598,1.0,0.7596485036135942,3.1775654970669853
-0.8817346630323957,0.2857362616014255,0.4902313921951361,-1.0,-0.7073624128495155,0.5638572511600434,-0.9224192112447349
1.0,0.45705782816575324,0.39466435899649766,-0.5116995906201872,0.8290682290552329,0.85343912939952,0.02011455591563771
-1.0,-1.0,-1.0,-0.4163612566338232,-0.22386153866278602,-0.024185945214914795,-4.842752338710411
-0.18641413444682753,0.11764757520453678,0.49569971226237647,1.0,1.0,0.28907260198855567,1.284321913393002
0.5500596378702938,0.3813177784237467,1.0,0.78917157518122,0.09115927376233122,-1.0,2.3645008674914676
-1.0,-1.0,-1.0,-1.0,-0.18721254525414033,-0.15556163269251577,-6.3001443158436
-1.0,-1.0,-0.7677236042067455,0.23260683794117254,-1.0,0.36096254648095294,-4.5197228762765205
-0.9064822546940081,-1.0,-1.0,-0.31426446930953855,-0.43872670705970107,-0.07430461845444257,-4.7580811973340555
1.0,1.0,1.0,0.920612460648514,0.7391531870428854,1.0,-8.607572829221821
-0.41635610599038225,0.5200704196861475,-1.0,-0.7280478765588788,-0.24454858194407814,-1.0,1.5092623047016636
-0.20500565512302993,-1.0,-0.6690457665720848,-1.0,0.23181983795452565,-1.0,3.0631799782140754
1.0,0.04978023629805839,0.015476107158338914,0.07255428082755966,-1.0,-1.0,7.195824171140683
1.0,-1.0,-0.7868998182664778,-0.0707126201030549,-0.5641376247465034,-1.0,4.737423232355509
-1.0,0.07330873102065116,0.6354786252995052,-1.0,0.38110635395002546,0.17645069662056256,0.2866567685298488
-1.0,-0.2578279610835677,-0.5608854004463044,-1.0,-1.0,-1.0,1.6478819600375667
0.15945749839604217,-0.014987490113843926,0.99372310865372,1.0,1.0,-0.22629053350744996,-1.1939634019760161
-1.0,-0.9659147625145932,-1.0,-0.45751268638985954,1.0,0.268793931233907,-5.336965811704052
-0.5091693636330183,-1.0,-1.0,-1.0,0.3903321524817682,1.0,-1.0831031499415906
-0.45561380849606403,-0.6654786740309658,-0.7989261603017368,-0.5504156501157819,-0.28814801148441826,-0.2768340039742343,-0.9671124176032049
-1.0,0.2608494457102948,-0.8342065346341307,-1.0,0.16828885490370354,0.7082814634155443,2.271128349491366
0.046412274743263815,0.014896655316209984,0.2828764660718517,1.0,-1.0,0.5849099855080808,0.854202156111732
-1.0,-0.3563008546679083,-0.6563067810168188,-0.2337081537234329,0.6213504428372911,0.6062064372763337,2.6228568586878227
0.6937924337810499,0.8989132031592086,0.9153792710757882,0.9613767884363731,0.38697543412180246,0.5979764786444393,-5.28266293356298
-0.65575376750118,-0.16126366266875777,-1.0,-0.8299533523953591,-0.644214463649667,-1.0,2.5111266447823883
-0.0001346053215027787,-0.067343028682051,1.0,0.899574483729541,1.0,1.0,-0.7969131675140438
0.1885138158133598,0.12376309051190681,0.10943858021407188,-1.0,-1.0,1.0,7.4382188740518895
-0.3690950180804293,-1.0,-0.6421114072940268,-0.09680683242895793,-1.0,-1.0,1.7717328525839662
0.37914535296162216,1.0,0.6487464439429775,-0.9514830605552829,-0.5613802503973453,0.2737859800631437,1.7563602894545314
-0.21591315063427838,-0.3032699868840885,0.863660013956673,-0.5643244726733527,-1.0,-1.0,1.3983336767637728
0.375444805660184,0.17525722537549915,-0.4401688756436886,1.0,0.32423411939517655,-0.0025217191658343796,-0.3656018750612468
-0.9064175000599584,-0.4610122488152229,0.4309068780557239,-0.7006293521502878,0.2813956945204612,0.7803117871069395,-0.2279317717446211
-0.7325394889217981,-1.0,-0.29946793269425753,0.3169578697147606,-1.0,0.7395282371145334,-0.48116485622383043
0.70360623794263,0.12969206815321294,-0.2273478138049747,1.0,1.0,1.0,3.1412109579596157
0.5903580987880681,1.0,1.0,1.0,0.21079460538588268,0.40839431279480215,-5.448268421354277
-1.0,0.2661157925409593,-1.0,0.2961076542554567,0.20172403117372656,-0.4396569821227081,0.003097685389177318
0.7334191973506182,1.0,1.0,0.19882421777492365,-1.0,0.309066457437983,0.26193043739740596
-0.5054228547402739,0.015737731654335008,-1.0,-0.6379163724353221,-1.0,-1.0,0.8537968468017209
0.2984930752281618,0.797887440446656,0.8872066844704273,1.0,-0.5805957927850922,-1.0,3.91724280717877
